aljarfe	aljarfe	O	arfe	3	1	aljarfe
atarfe	atarfe	O	arfe	3	1	atarfe
aljarfes	aljarfe	P	arfes	3	1	aljarfes
atarfes	atarfe	P	arfes	3	1	atarfes
litarge	litarge	O	arge	3	0	litarge
margen	margen	O	argen	2	0	margen
litarges	litarge	P	arges	3	0	litarges
enjarje	enjarje	O	arje	3	1	enjarje
alfarje	alfarje	O	arje	3	1	alfarje
enjarjes	enjarje	P	arjes	3	1	enjarjes
alfarjes	alfarje	P	arjes	3	1	alfarjes
quarkes	quark	P	arkes	2	0	quarkes
adarme	adarme	O	arme	3	1	adarme
carme	carme	O	arme	2	0	carme
desarme	desarme	O	arme	3	0	desarme
gendarme	gendarme	O	arme	3	0	gendarme
rearme	rearme	O	arme	3	0	rearme
carmen	carmen	O	armen	2	0	carmen
adarmes	adarme	P	armes	3	1	adarmes
carmes	carme	P	armes	2	0	carmes
carmes	carmes	O	armes	2	0	carmes
desarmes	desarme	P	armes	3	0	desarmes
gendarmes	gendarme	P	armes	3	0	gendarmes
rearmes	rearme	P	armes	3	0	rearmes
carne	carne	O	arne	2	0	carne
encarne	encarne	O	arne	3	1	encarne
guarne	guarne	O	arne	2	0	guarne
carnes	carne	P	arnes	2	0	carnes
encarnes	encarne	P	arnes	3	1	encarnes
guarnes	guarne	P	arnes	2	0	guarnes
carpe	carpe	O	arpe	2	0	carpe
echarpe	echarpe	O	arpe	3	1	echarpe
escarpe	escarpe	O	arpe	3	1	escarpe
carpes	carpe	P	arpes	2	0	carpes
echarpes	echarpe	P	arpes	3	1	echarpes
escarpes	escarpe	P	arpes	3	1	escarpes
agarre	agarre	O	arre	3	1	agarre
harre	harre	O	arre	2	1	harre
amarre	amarre	O	arre	3	1	amarre
aquelarre	aquelarre	O	arre	4	1	aquelarre
arre	arre	O	arre	2	1	arre
ataharre	ataharre	O	arre	4	1	ataharre
agarres	agarre	P	arres	3	1	agarres
harres	harre	P	arres	2	1	harres
amarres	amarre	P	arres	3	1	amarres
aquelarres	aquelarre	P	arres	4	1	aquelarres
arres	arre	P	arres	2	1	arres
ataharres	ataharre	P	arres	4	1	ataharres
pársec	pársec	O	arsec	2	0	parsec
ballarte	ballarte	O	arte	3	0	ballarte
baluarte	baluarte	O	arte	3	0	baluarte
bayarte	bayarte	O	arte	3	0	bayarte
blancarte	blancarte	O	arte	3	0	blancarte
bocarte	bocarte	O	arte	3	0	bocarte
bracamarte	bracamarte	O	arte	4	0	bracamarte
descarte	descarte	O	arte	3	0	descarte
duarte	duarte	O	arte	2	0	duarte
encarte	encarte	O	arte	3	1	encarte
encuarte	encuarte	O	arte	3	1	encuarte
espadarte	espadarte	O	arte	4	1	espadarte
estandarte	estandarte	O	arte	4	1	estandarte
farte	farte	O	arte	2	0	farte
guarte	guarte	O	arte	2	0	guarte
marte	marte	O	arte	2	0	marte
parte	parte	O	arte	2	0	parte
petarte	petarte	O	arte	3	0	petarte
placarte	placarte	O	arte	3	0	placarte
portaestandarte	portaestandarte	O	arte	6	0	portaestandarte
aparte	aparte	O	arte	3	1	aparte
talabarte	talabarte	O	arte	4	0	talabarte
arte	arte	O	arte	2	1	arte
velarte	velarte	O	arte	3	0	velarte
cártel	cártel	O	artel	2	0	cartel
chárter	chárter	O	arter	2	0	charter
cárter	cárter	O	arter	2	0	carter
estárter	estárter	O	arter	3	1	estarter
ballartes	ballarte	P	artes	3	0	ballartes
baluartes	baluarte	P	artes	3	0	baluartes
bayartes	bayarte	P	artes	3	0	bayartes
blancartes	blancarte	P	artes	3	0	blancartes
bocartes	bocarte	P	artes	3	0	bocartes
bracamartes	bracamarte	P	artes	4	0	bracamartes
descartes	descarte	P	artes	3	0	descartes
duartes	duarte	P	artes	2	0	duartes
encartes	encarte	P	artes	3	1	encartes
encuartes	encuarte	P	artes	3	1	encuartes
espadartes	espadarte	P	artes	4	1	espadartes
estandartes	estandarte	P	artes	4	1	estandartes
fartes	farte	P	artes	2	0	fartes
guartes	guarte	P	artes	2	0	guartes
martes	marte	P	artes	2	0	martes
martes	martes	O	artes	2	0	martes
partes	parte	P	artes	2	0	partes
petartes	petarte	P	artes	3	0	petartes
placartes	placarte	P	artes	3	0	placartes
portaestandartes	portaestandarte	P	artes	6	0	portaestandartes
apartes	aparte	P	artes	3	1	apartes
talabartes	talabarte	P	artes	4	0	talabartes
artes	arte	P	artes	2	1	artes
velartes	velarte	P	artes	3	0	velartes
nártex	nártex	O	artex	2	0	nartex
fasces	fasces	O	asces	2	0	fasces
rascle	rascle	O	ascle	2	0	rascle
rascles	rascle	P	ascles	2	0	rascles
base	base	O	ase	2	0	base
clase	clase	O	ase	2	0	clase
desengrase	desengrase	O	ase	4	0	desengrase
desfase	desfase	O	ase	3	0	desfase
desgrase	desgrase	O	ase	3	0	desgrase
engrase	engrase	O	ase	3	1	engrase
enrase	enrase	O	ase	3	1	enrase
envase	envase	O	ase	3	1	envase
fase	fase	O	ase	2	0	fase
frase	frase	O	ase	2	0	frase
pase	pase	O	ase	2	0	pase
subclase	subclase	O	ase	3	0	subclase
superclase	superclase	O	ase	4	0	superclase
transvase	transvase	O	ase	3	0	transvase
trasvase	trasvase	O	ase	3	0	trasvase
ucase	ucase	O	ase	3	1	ucase
láser	láser	O	aser	2	0	laser
barrabases	barrabás	P	ases	4	0	barrabases
bases	base	P	ases	2	0	bases
cabases	cabás	P	ases	3	0	cabases
carajases	carajás	P	ases	4	0	carajases
cascases	cascás	P	ases	3	0	cascases
chascases	chascás	P	ases	3	0	chascases
chischases	chischás	P	ases	3	0	chischases
clases	clase	P	ases	2	0	clases
compases	compás	P	ases	3	0	compases
contrapases	contrapás	P	ases	4	0	contrapases
correverases	correverás	P	ases	5	0	correverases
corriverases	corriverás	P	ases	5	0	corriverases
agrases	agrás	P	ases	3	1	agrases
aguarrases	aguarrás	P	ases	4	1	aguarrases
demases	demás	P	ases	3	0	demases
descompases	descompás	P	ases	4	0	descompases
desengrases	desengrase	P	ases	4	0	desengrases
desfases	desfase	P	ases	3	0	desfases
desgrases	desgrase	P	ases	3	0	desgrases
engrases	engrase	P	ases	3	1	engrases
enrases	enrase	P	ases	3	1	enrases
envases	envase	P	ases	3	1	envases
escases	escás	P	ases	3	1	escases
fases	fase	P	ases	2	0	fases
fierabrases	fierabrás	P	ases	4	0	fierabrases
frases	frase	P	ases	2	0	frases
fratases	fratás	P	ases	3	0	fratases
hipocrases	hipocrás	P	ases	4	0	hipocrases
madrases	madrás	P	ases	3	0	madrases
mandamases	mandamás	P	ases	4	0	mandamases
ananases	ananás	P	ases	4	1	ananases
antigases	antigás	P	ases	4	1	antigases
pases	pase	P	ases	2	0	pases
plexiglases	plexiglás	P	ases	4	0	plexiglases
saltatrases	saltatrás	P	ases	4	0	saltatrases
sasafrases	sasafrás	P	ases	4	0	sasafrases
subclases	subclase	P	ases	3	0	subclases
superclases	superclase	P	ases	4	0	superclases
sutases	sutás	P	ases	3	0	sutases
tamagases	tamagás	P	ases	4	0	tamagases
tornatrases	tornatrás	P	ases	4	0	tornatrases
transvases	transvase	P	ases	3	0	transvases
trasbarrases	trasbarrás	P	ases	4	0	trasbarrases
trastrases	trastrás	P	ases	3	0	trastrases
trasvases	trasvase	P	ases	3	0	trasvases
ucases	ucase	P	ases	3	1	ucases
añases	añás	P	ases	3	1	anases
flashes	flash	P	ashes	2	0	flashes
chaspe	chaspe	O	aspe	2	0	chaspe
jaspe	jaspe	O	aspe	2	0	jaspe
arimaspe	arimaspe	O	aspe	4	1	arimaspe
chaspes	chaspe	P	aspes	2	0	chaspes
jaspes	jaspe	P	aspes	2	0	jaspes
arimaspes	arimaspe	P	aspes	4	1	arimaspes
baste	baste	O	aste	2	0	baste
cacaste	cacaste	O	aste	3	0	cacaste
ceraste	ceraste	O	aste	3	0	ceraste
chichicaste	chichicaste	O	aste	4	0	chichicaste
chinaste	chinaste	O	aste	3	0	chinaste
chingaste	chingaste	O	aste	3	0	chingaste
codaste	codaste	O	aste	3	0	codaste
conacaste	conacaste	O	aste	4	0	conacaste
contracodaste	contracodaste	O	aste	5	0	contracodaste
contraste	contraste	O	aste	3	0	contraste
desbaste	desbaste	O	aste	3	0	desbaste
aiguaste	aiguaste	O	aste	3	1	aiguaste
desgaste	desgaste	O	aste	3	0	desgaste
embaste	embaste	O	aste	3	1	embaste
empaste	empaste	O	aste	3	1	empaste
alaste	alaste	O	aste	3	1	alaste
engaste	engaste	O	aste	3	1	engaste
flechaste	flechaste	O	aste	3	0	flechaste
guanacaste	guanacaste	O	aste	4	0	guanacaste
guindaste	guindaste	O	aste	3	0	guindaste
maste	maste	O	aste	2	0	maste
parafraste	parafraste	O	aste	4	0	parafraste
paste	paste	O	aste	2	0	paste
plaste	plaste	O	aste	2	0	plaste
apaste	apaste	O	aste	3	1	apaste
tagasaste	tagasaste	O	aste	4	0	tagasaste
tajaraste	tajaraste	O	aste	4	0	tajaraste
tenamaste	tenamaste	O	aste	4	0	tenamaste
tinamaste	tinamaste	O	aste	4	0	tinamaste
traste	traste	O	aste	2	0	traste
mástel	mástel	O	astel	2	0	mastel
áster	áster	O	aster	2	1	aster
máster	máster	O	aster	2	0	master
bastes	baste	P	astes	2	0	bastes
cacastes	cacaste	P	astes	3	0	cacastes
cerastes	ceraste	P	astes	3	0	cerastes
cerastes	cerastes	O	astes	3	0	cerastes
chichicastes	chichicaste	P	astes	4	0	chichicastes
chinastes	chinaste	P	astes	3	0	chinastes
chingastes	chingaste	P	astes	3	0	chingastes
codastes	codaste	P	astes	3	0	codastes
conacastes	conacaste	P	astes	4	0	conacastes
contracodastes	contracodaste	P	astes	5	0	contracodastes
contrastes	contraste	P	astes	3	0	contrastes
desbastes	desbaste	P	astes	3	0	desbastes
aiguastes	aiguaste	P	astes	3	1	aiguastes
desgastes	desgaste	P	astes	3	0	desgastes
embastes	embaste	P	astes	3	1	embastes
empastes	empaste	P	astes	3	1	empastes
alastes	alaste	P	astes	3	1	alastes
engastes	engaste	P	astes	3	1	engastes
flechastes	flechaste	P	astes	3	0	flechastes
guanacastes	guanacaste	P	astes	4	0	guanacastes
guindastes	guindaste	P	astes	3	0	guindastes
mastes	maste	P	astes	2	0	mastes
parafrastes	parafraste	P	astes	4	0	parafrastes
pastes	paste	P	astes	2	0	pastes
plastes	plaste	P	astes	2	0	plastes
apastes	apaste	P	astes	3	1	apastes
tagasastes	tagasaste	P	astes	4	0	tagasastes
tajarastes	tajaraste	P	astes	4	0	tajarastes
tenamastes	tenamaste	P	astes	4	0	tenamastes
tinamastes	tinamaste	P	astes	4	0	tinamastes
trastes	traste	P	astes	2	0	trastes
cacastle	cacastle	O	astle	3	0	cacastle
chichicastle	chichicastle	O	astle	4	0	chichicastle
apastle	apastle	O	astle	3	1	apastle
cacastles	cacastle	P	astles	3	0	cacastles
chichicastles	chichicastle	P	astles	4	0	chichicastles
apastles	apastle	P	astles	3	1	apastles
desastre	desastre	O	astre	3	0	desastre
fulastre	fulastre	O	astre	3	0	fulastre
lastre	lastre	O	astre	2	0	lastre
pillastre	pillastre	O	astre	3	0	pillastre
pollastre	pollastre	O	astre	3	0	pollastre
sastre	sastre	O	astre	2	0	sastre
sollastre	sollastre	O	astre	3	0	sollastre
arrastre	arrastre	O	astre	3	1	arrastre
desastres	desastre	P	astres	3	0	desastres
fulastres	fulastre	P	astres	3	0	fulastres
lastres	lastre	P	astres	2	0	lastres
pillastres	pillastre	P	astres	3	0	pillastres
pollastres	pollastre	P	astres	3	0	pollastres
sastres	sastre	P	astres	2	0	sastres
sollastres	sollastre	P	astres	3	0	sollastres
arrastres	arrastre	P	astres	3	1	arrastres
balate	balate	O	ate	3	0	balate
bate	bate	O	ate	2	0	bate
botarate	botarate	O	ate	4	0	botarate
bruscate	bruscate	O	ate	3	0	bruscate
cacahuate	cacahuate	O	ate	4	0	cacahuate
calabacinate	calabacinate	O	ate	6	0	calabacinate
calabazate	calabazate	O	ate	5	0	calabazate
calafate	calafate	O	ate	4	0	calafate
carate	carate	O	ate	3	0	carate
cate	cate	O	ate	2	0	cate
cañahuate	cañahuate	O	ate	4	0	canahuate
celindrate	celindrate	O	ate	4	0	celindrate
cencuate	cencuate	O	ate	3	0	cencuate
ceracate	ceracate	O	ate	4	0	ceracate
cerate	cerate	O	ate	3	0	cerate
chilate	chilate	O	ate	3	0	chilate
afate	afate	O	ate	3	1	afate
chilpayate	chilpayate	O	ate	4	0	chilpayate
chinacate	chinacate	O	ate	4	0	chinacate
chircate	chircate	O	ate	3	0	chircate
chocolate	chocolate	O	ate	4	0	chocolate
ciguapate	ciguapate	O	ate	4	0	ciguapate
cimate	cimate	O	ate	3	0	cimate
cirate	cirate	O	ate	3	0	cirate
aflechate	aflechate	O	ate	4	1	aflechate
codoñate	codoñate	O	ate	4	0	codonate
combate	combate	O	ate	3	0	combate
cordellate	cordellate	O	ate	4	0	cordellate
coscomate	coscomate	O	ate	4	0	coscomate
aguacate	aguacate	O	ate	4	1	aguacate
cuate	cuate	O	ate	2	0	cuate
debate	debate	O	ate	3	0	debate
aguate	aguate	O	ate	3	1	aguate
desate	desate	O	ate	3	0	desate
desbarate	desbarate	O	ate	4	0	desbarate
ahuate	ahuate	O	ate	2	1	ahuate
desempate	desempate	O	ate	4	0	desempate
desgarriate	desgarriate	O	ate	4	0	desgarriate
deslate	deslate	O	ate	3	0	deslate
desplate	desplate	O	ate	3	0	desplate
ajomate	ajomate	O	ate	4	1	ajomate
dislate	dislate	O	ate	3	0	dislate
disparate	disparate	O	ate	4	0	disparate
alacate	alacate	O	ate	4	1	alacate
embate	embate	O	ate	3	1	embate
embolate	embolate	O	ate	4	1	embolate
empate	empate	O	ate	3	1	empate
escaparate	escaparate	O	ate	5	1	escaparate
alfarnate	alfarnate	O	ate	4	1	alfarnate
forcate	forcate	O	ate	3	0	forcate
alfayate	alfayate	O	ate	4	1	alfayate
gagate	gagate	O	ate	3	0	gagate
galafate	galafate	O	ate	4	0	galafate
alicate	alicate	O	ate	4	1	alicate
gaznate	gaznate	O	ate	3	0	gaznate
granate	granate	O	ate	3	0	granate
guate	guate	O	ate	2	0	guate
guayabate	guayabate	O	ate	4	0	guayabate
higate	higate	O	ate	3	0	higate
almarbate	almarbate	O	ate	4	1	almarbate
horcate	horcate	O	ate	3	1	horcate
hordiate	hordiate	O	ate	3	1	hordiate
almendrate	almendrate	O	ate	4	1	almendrate
almizate	almizate	O	ate	4	1	almizate
almoflate	almoflate	O	ate	4	1	almoflate
alpargate	alpargate	O	ate	4	1	alpargate
alquilate	alquilate	O	ate	4	1	alquilate
amate	amate	O	ate	3	1	amate
itacate	itacate	O	ate	4	1	itacate
jate	jate	O	ate	2	0	jate
jitomate	jitomate	O	ate	4	0	jitomate
magnate	magnate	O	ate	3	0	magnate
malacate	malacate	O	ate	4	0	malacate
mastate	mastate	O	ate	3	0	mastate
matate	matate	O	ate	3	0	matate
mate	mate	O	ate	2	0	mate
mayate	mayate	O	ate	3	0	mayate
mecate	mecate	O	ate	3	0	mecate
membrillate	membrillate	O	ate	4	0	membrillate
metate	metate	O	ate	3	0	metate
miltomate	miltomate	O	ate	4	0	miltomate
mogate	mogate	O	ate	3	0	mogate
naguapate	naguapate	O	ate	4	0	naguapate
nanacate	nanacate	O	ate	4	0	nanacate
optimate	optimate	O	ate	4	1	optimate
orate	orate	O	ate	3	1	orate
otate	otate	O	ate	3	1	otate
paliacate	paliacate	O	ate	4	0	paliacate
pate	pate	O	ate	2	0	pate
petate	petate	O	ate	3	0	petate
pinacate	pinacate	O	ate	4	0	pinacate
pinolate	pinolate	O	ate	4	0	pinolate
pizate	pizate	O	ate	3	0	pizate
piñonate	piñonate	O	ate	4	0	pinonate
primate	primate	O	ate	3	0	primate
quilate	quilate	O	ate	3	0	quilate
quirate	quirate	O	ate	3	0	quirate
rebate	rebate	O	ate	3	0	rebate
regate	regate	O	ate	3	0	regate
remate	remate	O	ate	3	0	remate
rescate	rescate	O	ate	3	0	rescate
saltaterandate	saltaterandate	O	ate	6	0	saltaterandate
sanate	sanate	O	ate	3	0	sanate
saraguate	saraguate	O	ate	4	0	saraguate
sosegate	sosegate	O	ate	4	0	sosegate
talguate	talguate	O	ate	3	0	talguate
talpetate	talpetate	O	ate	4	0	talpetate
arrate	arrate	O	ate	3	1	arrate
tanate	tanate	O	ate	3	0	tanate
tapate	tapate	O	ate	3	0	tapate
tate	tate	O	ate	2	0	tate
tecomate	tecomate	O	ate	4	0	tecomate
telepate	telepate	O	ate	4	0	telepate
tempate	tempate	O	ate	3	0	tempate
tenate	tenate	O	ate	3	0	tenate
tepalcate	tepalcate	O	ate	4	0	tepalcate
tepetate	tepetate	O	ate	4	0	tepetate
abate	abate	O	ate	3	1	abate
arriate	arriate	O	ate	3	1	arriate
tizate	tizate	O	ate	3	0	tizate
tocomate	tocomate	O	ate	4	0	tocomate
tomate	tomate	O	ate	3	0	tomate
totolate	totolate	O	ate	4	0	totolate
uvate	uvate	O	ate	3	1	uvate
uñate	uñate	O	ate	3	1	unate
vate	vate	O	ate	2	0	vate
acicate	acicate	O	ate	4	1	acicate
yate	yate	O	ate	2	0	yate
zacate	zacate	O	ate	3	0	zacate
zanate	zanate	O	ate	3	0	zanate
zaragate	zaragate	O	ate	4	0	zaragate
zarate	zarate	O	ate	3	0	zarate
ate	ate	O	ate	2	1	ate
atepocate	atepocate	O	ate	5	1	atepocate
acirate	acirate	O	ate	4	1	acirate
avellanate	avellanate	O	ate	5	1	avellanate
avenate	avenate	O	ate	4	1	avenate
ayate	ayate	O	ate	3	1	ayate
azafate	azafate	O	ate	4	1	azafate
azanahoriate	azanahoriate	O	ate	6	1	azanahoriate
azanoriate	azanoriate	O	ate	5	1	azanoriate
cráter	cráter	O	ater	2	0	crater
duramáter	duramáter	O	ater	4	0	duramater
almoháter	almoháter	O	ater	4	1	almohater
almojáter	almojáter	O	ater	4	1	almojater
piamáter	piamáter	O	ater	3	0	piamater
páter	páter	O	ater	2	0	pater
quáter	quáter	O	ater	2	0	quater
váter	váter	O	ater	2	0	vater
balates	balate	P	ates	3	0	balates
bates	bate	P	ates	2	0	bates
botarates	botarate	P	ates	4	0	botarates
bruscates	bruscate	P	ates	3	0	bruscates
cacahuates	cacahuate	P	ates	4	0	cacahuates
calabacinates	calabacinate	P	ates	6	0	calabacinates
calabazates	calabazate	P	ates	5	0	calabazates
calafates	calafate	P	ates	4	0	calafates
carates	carate	P	ates	3	0	carates
cates	cate	P	ates	2	0	cates
cañahuates	cañahuate	P	ates	4	0	canahuates
celindrates	celindrate	P	ates	4	0	celindrates
cencuates	cencuate	P	ates	3	0	cencuates
ceracates	ceracate	P	ates	4	0	ceracates
cerates	cerate	P	ates	3	0	cerates
chilates	chilate	P	ates	3	0	chilates
chilpayates	chilpayate	P	ates	4	0	chilpayates
chinacates	chinacate	P	ates	4	0	chinacates
afates	afate	P	ates	3	1	afates
chircates	chircate	P	ates	3	0	chircates
chocolates	chocolate	P	ates	4	0	chocolates
ciguapates	ciguapate	P	ates	4	0	ciguapates
cimates	cimate	P	ates	3	0	cimates
cirates	cirate	P	ates	3	0	cirates
aflechates	aflechate	P	ates	4	1	aflechates
codoñates	codoñate	P	ates	4	0	codonates
combates	combate	P	ates	3	0	combates
cordellates	cordellate	P	ates	4	0	cordellates
coscomates	coscomate	P	ates	4	0	coscomates
aguacates	aguacate	P	ates	4	1	aguacates
cuates	cuate	P	ates	2	0	cuates
debates	debate	P	ates	3	0	debates
aguates	aguate	P	ates	3	1	aguates
desates	desate	P	ates	3	0	desates
desbarates	desbarate	P	ates	4	0	desbarates
ahuates	ahuate	P	ates	2	1	ahuates
desempates	desempate	P	ates	4	0	desempates
desgarriates	desgarriate	P	ates	4	0	desgarriates
deslates	deslate	P	ates	3	0	deslates
desplates	desplate	P	ates	3	0	desplates
dislates	dislate	P	ates	3	0	dislates
ajomates	ajomate	P	ates	4	1	ajomates
disparates	disparate	P	ates	4	0	disparates
alacates	alacate	P	ates	4	1	alacates
embates	embate	P	ates	3	1	embates
embolates	embolate	P	ates	4	1	embolates
empates	empate	P	ates	3	1	empates
escaparates	escaparate	P	ates	5	1	escaparates
alfarnates	alfarnate	P	ates	4	1	alfarnates
forcates	forcate	P	ates	3	0	forcates
alfayates	alfayate	P	ates	4	1	alfayates
gagates	gagate	P	ates	3	0	gagates
gagates	gagates	O	ates	3	0	gagates
galafates	galafate	P	ates	4	0	galafates
alicates	alicate	P	ates	4	1	alicates
gaznates	gaznate	P	ates	3	0	gaznates
granates	granate	P	ates	3	0	granates
guates	guate	P	ates	2	0	guates
guayabates	guayabate	P	ates	4	0	guayabates
higates	higate	P	ates	3	0	higates
almarbates	almarbate	P	ates	4	1	almarbates
horcates	horcate	P	ates	3	1	horcates
hordiates	hordiate	P	ates	3	1	hordiates
almendrates	almendrate	P	ates	4	1	almendrates
almicantarates	almicantarat	P	ates	6	1	almicantarates
almizates	almizate	P	ates	4	1	almizates
almoflates	almoflate	P	ates	4	1	almoflates
alpargates	alpargate	P	ates	4	1	alpargates
alquilates	alquilate	P	ates	4	1	alquilates
amates	amate	P	ates	3	1	amates
itacates	itacate	P	ates	4	1	itacates
jates	jate	P	ates	2	0	jates
jitomates	jitomate	P	ates	4	0	jitomates
acates	acates	O	ates	3	1	acates
magnates	magnate	P	ates	3	0	magnates
malacates	malacate	P	ates	4	0	malacates
maritates	maritates	O	ates	4	0	maritates
mastates	mastate	P	ates	3	0	mastates
matates	matate	P	ates	3	0	matates
mates	mate	P	ates	2	0	mates
mayates	mayate	P	ates	3	0	mayates
mecates	mecate	P	ates	3	0	mecates
membrillates	membrillate	P	ates	4	0	membrillates
metates	metate	P	ates	3	0	metates
miltomates	miltomate	P	ates	4	0	miltomates
mogates	mogate	P	ates	3	0	mogates
naguapates	naguapate	P	ates	4	0	naguapates
nanacates	nanacate	P	ates	4	0	nanacates
optimates	optimate	P	ates	4	1	optimates
orates	orate	P	ates	3	1	orates
otates	otate	P	ates	3	1	otates
paliacates	paliacate	P	ates	4	0	paliacates
pates	pate	P	ates	2	0	pates
penates	penates	O	ates	3	0	penates
petates	petate	P	ates	3	0	petates
pinacates	pinacate	P	ates	4	0	pinacates
pinolates	pinolate	P	ates	4	0	pinolates
pizates	pizate	P	ates	3	0	pizates
piñonates	piñonate	P	ates	4	0	pinonates
primates	primate	P	ates	3	0	primates
quilates	quilate	P	ates	3	0	quilates
quirates	quirate	P	ates	3	0	quirates
rebates	rebate	P	ates	3	0	rebates
regates	regate	P	ates	3	0	regates
remates	remate	P	ates	3	0	remates
rescates	rescate	P	ates	3	0	rescates
saltaterandates	saltaterandate	P	ates	6	0	saltaterandates
sanates	sanate	P	ates	3	0	sanates
saraguates	saraguate	P	ates	4	0	saraguates
sosegates	sosegate	P	ates	4	0	sosegates
talguates	talguate	P	ates	3	0	talguates
talpetates	talpetate	P	ates	4	0	talpetates
arrates	arrate	P	ates	3	1	arrates
tanates	tanate	P	ates	3	0	tanates
tapates	tapate	P	ates	3	0	tapates
tates	tate	P	ates	2	0	tates
tecomates	tecomate	P	ates	4	0	tecomates
telepates	telepate	P	ates	4	0	telepates
tempates	tempate	P	ates	3	0	tempates
tenates	tenate	P	ates	3	0	tenates
tepalcates	tepalcate	P	ates	4	0	tepalcates
tepetates	tepetate	P	ates	4	0	tepetates
arriates	arriate	P	ates	3	1	arriates
tizates	tizate	P	ates	3	0	tizates
tocomates	tocomate	P	ates	4	0	tocomates
tomates	tomate	P	ates	3	0	tomates
totolates	totolate	P	ates	4	0	totolates
uvates	uvate	P	ates	3	1	uvates
uñates	uñate	P	ates	3	1	unates
vates	vate	P	ates	2	0	vates
yates	yate	P	ates	2	0	yates
zacates	zacate	P	ates	3	0	zacates
zanates	zanate	P	ates	3	0	zanates
zaragates	zaragate	P	ates	4	0	zaragates
zarates	zarate	P	ates	3	0	zarates
zigurates	zigurat	P	ates	4	0	zigurates
acicates	acicate	P	ates	4	1	acicates
ates	ate	P	ates	2	1	ates
atepocates	atepocate	P	ates	5	1	atepocates
abates	abate	P	ates	3	1	abates
acirates	acirate	P	ates	4	1	acirates
avellanates	avellanate	P	ates	5	1	avellanates
avenates	avenate	P	ates	4	1	avenates
ayates	ayate	P	ates	3	1	ayates
azafates	azafate	P	ates	4	1	azafates
azanahoriates	azanahoriate	P	ates	6	1	azanahoriates
azanoriates	azanoriate	P	ates	5	1	azanoriates
látex	látex	O	atex	2	0	latex
catre	catre	O	atre	2	0	catre
almohatre	almohatre	O	atre	4	1	almohatre
almojatre	almojatre	O	atre	4	1	almojatre
catres	catre	P	atres	2	0	catres
fratres	fratres	O	atres	2	0	fratres
almohatres	almohatre	P	atres	4	1	almohatres
almojatres	almojatre	P	atres	4	1	almojatres
wattes	watt	P	attes	2	0	wattes
carcaxes	carcax	P	axes	3	0	carcaxes
faxes	fax	P	axes	2	0	faxes
gambaxes	gambax	P	axes	3	0	gambaxes
pataxes	patax	P	axes	3	0	pataxes
relaxes	relax	P	axes	3	0	relaxes
saxafraxes	saxafrax	P	axes	4	0	saxafraxes
telefaxes	telefax	P	axes	4	0	telefaxes
axes	ax	P	axes	2	1	axes
ensaye	ensaye	O	aye	3	1	ensaye
pejibaye	pejibaye	O	aye	4	0	pejibaye
reensaye	reensaye	O	aye	4	0	reensaye
ayeaye	ayeaye	O	aye	4	1	ayeaye
bacarayes	bacaray	P	ayes	4	0	bacarayes
balayes	balay	P	ayes	3	0	balayes
barangayes	barangay	P	ayes	4	0	barangayes
cambrayes	cambray	P	ayes	3	0	cambrayes
candrayes	candray	P	ayes	3	0	candrayes
carapachayes	carapachay	P	ayes	5	0	carapachayes
carayes	caray	P	ayes	3	0	carayes
cayes	cay	P	ayes	2	0	cayes
chachayes	chachay	P	ayes	3	0	chachayes
chancayes	chancay	P	ayes	3	0	chancayes
chuflayes	chuflay	P	ayes	3	0	chuflayes
colliguayes	colliguay	P	ayes	4	0	colliguayes
contraestayes	contraestay	P	ayes	5	0	contraestayes
contrayes	contray	P	ayes	3	0	contrayes
curupayes	curupay	P	ayes	4	0	curupayes
aguaribayes	aguaribay	P	ayes	5	1	aguaribayes
aguayes	aguay	P	ayes	3	1	aguayes
ajajayes	ajajay	P	ayes	4	1	ajajayes
displayes	display	P	ayes	3	0	displayes
ensayes	ensay	P	ayes	3	1	ensayes
ensayes	ensaye	P	ayes	3	1	ensayes
espayes	espay	P	ayes	3	1	espayes
estayes	estay	P	ayes	3	1	estayes
frayes	fray	P	ayes	2	0	frayes
garayes	garay	P	ayes	3	0	garayes
gayes	gay	P	ayes	2	0	gayes
grayes	gray	P	ayes	2	0	grayes
gualandayes	gualanday	P	ayes	4	0	gualandayes
guayes	guay	P	ayes	2	0	guayes
guirigayes	guirigay	P	ayes	4	0	guirigayes
huacatayes	huacatay	P	ayes	4	1	huacatayes
amancayes	amancay	P	ayes	4	1	amancayes
jajayes	jajay	P	ayes	3	0	jajayes
layes	lay	P	ayes	2	0	layes
malangayes	malangay	P	ayes	4	0	malangayes
ananayes	ananay	P	ayes	4	1	ananayes
anayes	anay	P	ayes	3	1	anayes
nanayes	nanay	P	ayes	3	0	nanayes
norayes	noray	P	ayes	3	0	norayes
ñandubayes	ñandubay	P	ayes	4	0	nandubayes
pacayes	pacay	P	ayes	3	0	pacayes
paipayes	paipay	P	ayes	3	0	paipayes
palayes	palay	P	ayes	3	0	palayes
paraguayes	paraguay	P	ayes	4	0	paraguayes
patayes	patay	P	ayes	3	0	patayes
pejibayes	pejibaye	P	ayes	4	0	pejibayes
pijibayes	pijibay	P	ayes	4	0	pijibayes
quillayes	quillay	P	ayes	3	0	quillayes
quilmayes	quilmay	P	ayes	3	0	quilmayes
reensayes	reensaye	P	ayes	4	0	reensayes
samurayes	samuray	P	ayes	4	0	samurayes
sinamayes	sinamay	P	ayes	4	0	sinamayes
sprayes	spray	P	ayes	3	0	sprayes
suquinayes	suquinay	P	ayes	4	0	suquinayes
arrarrayes	arrarray	P	ayes	4	1	arrarrayes
tarayes	taray	P	ayes	3	0	tarayes
achachayes	achachay	P	ayes	4	1	achachayes
achalayes	achalay	P	ayes	4	1	achalayes
ubajayes	ubajay	P	ayes	4	1	ubajayes
urundayes	urunday	P	ayes	4	1	urundayes
vacarayes	vacaray	P	ayes	4	0	vacarayes
velayes	velay	P	ayes	3	0	velayes
verdegayes	verdegay	P	ayes	4	0	verdegayes
yatayes	yatay	P	ayes	3	0	yatayes
atatayes	atatay	P	ayes	4	1	atatayes
ayes	ay	P	ayes	2	1	ayes
ayayayes	ayayay	P	ayes	4	1	ayayayes
ayeayes	ayeaye	P	ayes	4	1	ayeayes
añañayes	añañay	P	ayes	4	1	ananayes
jazces	jazz	P	azces	2	0	jazces
kamikaze	kamikaze	O	aze	4	0	kamikaze
kamikazes	kamikaze	P	azes	4	0	kamikazes
añazme	añazme	O	azme	3	1	anazme
añazmes	añazme	P	azmes	3	1	anazmes
maître	maître	O	aître	2	0	maître
maîtres	maître	P	aîtres	2	0	maîtres
