achachay	achachay	O	ai	3	1	achachay
achalay	achalay	O	ai	3	1	achalay
acuátil	acuátil	O	atil	3	1	acuatil
aerotaxi	aerotaxi	O	axi	4	1	aerotaxi
aerotaxis	aerotaxi	P	axis	4	1	aerotaxis
affidávit	affidávit	O	abit	4	1	affidavit
aguaribay	aguaribay	O	ai	4	1	aguaribay
aguay	aguay	O	ai	2	1	aguay
aindamáis	aindamáis	O	ais	3	1	aindamais
aizcolari	aizcolari	O	ari	4	1	aizcolari
aizcolaris	aizcolari	P	aris	4	1	aizcolaris
ajajay	ajajay	O	ai	3	1	ajajay
ali	ali	O	ali	2	1	ali
alis	ali	P	alis	2	1	alis
amancay	amancay	O	ai	3	1	amancay
amebiasis	amebiasis	O	asis	4	1	amebiasis
ami	ami	O	ami	2	1	ami
amis	ami	P	amis	2	1	amis
anafilaxis	anafilaxis	O	axis	5	1	anafilaxis
ananay	ananay	O	ai	3	1	ananay
anay	anay	O	ai	2	1	anay
anquilostomiasis	anquilostomiasis	O	asis	6	1	anquilostomiasis
api	api	O	api	2	1	api
apis	api	P	apis	2	1	apis
arrarray	arrarray	O	ai	3	1	arrarray
atatay	atatay	O	ai	3	1	atatay
axis	axis	O	axis	2	1	axis
ayayay	ayayay	O	ai	3	1	ayayay
añañay	añañay	O	ai	3	1	ananay
ábsit	ábsit	O	absit	2	1	absit
ágil	ágil	O	agil	2	1	agil
áspid	áspid	O	aspid	2	1	aspid
babi	babi	O	abi	2	0	babi
babis	babi	P	abis	2	0	babis
bacaray	bacaray	O	ai	3	0	bacaray
balay	balay	O	ai	2	0	balay
barangay	barangay	O	ai	3	0	barangay
basis	basis	O	asis	2	0	basis
bonsái	bonsái	O	ai	2	0	bonsai
bonsáis	bonsái	P	ais	2	0	bonsais
brandy	brandy	O	brandi	2	0	brandy
bursátil	bursátil	O	atil	3	0	bursatil
cacharpari	cacharpari	O	ari	4	0	cacharpari
cacharparis	cacharpari	P	aris	4	0	cacharparis
cadi	cadi	O	adi	2	0	cadi
cadis	cadi	P	adis	2	0	cadis
cai	cai	O	ai	1	0	cai
cais	cai	P	ais	1	0	cais
cali	cali	O	ali	2	0	cali
calis	cali	P	alis	2	0	calis
cambray	cambray	O	ai	2	0	cambray
candi	candi	O	andi	2	0	candi
candis	candi	P	andis	2	0	candis
candidiasis	candidiasis	O	asis	4	0	candidiasis
candray	candray	O	ai	2	0	candray
cannabis	cannabis	O	abis	3	0	cannabis
capi	capi	O	api	2	0	capi
capis	capi	P	apis	2	0	capis
capicati	capicati	O	ati	4	0	capicati
capicatis	capicati	P	atis	4	0	capicatis
carapachay	carapachay	O	ai	4	0	carapachay
caray	caray	O	ai	2	0	caray
cari	cari	O	ari	2	0	cari
caris	cari	P	aris	2	0	caris
caricari	caricari	O	ari	4	0	caricari
caricaris	caricari	P	aris	4	0	caricaris
carvi	carvi	O	arbi	2	0	carvi
carvis	carvi	P	arbis	2	0	carvis
casi	casi	O	asi	2	0	casi
casis	casis	O	asis	2	0	casis
catarsis	catarsis	O	arsis	3	0	catarsis
cay	cay	O	ai	1	0	cay
chachay	chachay	O	ai	2	0	chachay
chachi	chachi	O	achi	2	0	chachi
chachis	chachi	P	achis	2	0	chachis
chai	chai	O	ai	1	0	chai
chais	chai	P	ais	1	0	chais
chancay	chancay	O	ai	2	0	chancay
chanchi	chanchi	O	anchi	2	0	chanchi
chanchis	chanchi	P	anchis	2	0	chanchis
chasis	chasis	O	asis	2	0	chasis
chistulari	chistulari	O	ari	4	0	chistulari
chistularis	chistulari	P	aris	4	0	chistularis
chuflay	chuflay	O	ai	2	0	chuflay
colliguay	colliguay	O	ai	3	0	colliguay
conflátil	conflátil	O	atil	3	0	conflatil
contraestay	contraestay	O	ai	4	0	contraestay
contray	contray	O	ai	2	0	contray
contráctil	contráctil	O	actil	3	0	contractil
cuasi	cuasi	O	asi	2	0	cuasi
curupay	curupay	O	ai	3	0	curupay
cáliz	cáliz	O	aliz	2	0	caliz
dahir	dahir	O	ahir	1	0	dahir
dandi	dandi	O	andi	2	0	dandi
dandis	dandi	P	andis	2	0	dandis
devanagari	devanagari	O	ari	5	0	devanagari
devanagaris	devanagari	P	aris	5	0	devanagaris
display	display	O	ai	2	0	display
dátil	dátil	O	atil	2	0	datil
elefantiasis	elefantiasis	O	asis	5	1	elefantiasis
ensay	ensay	O	ai	2	1	ensay
epistaxis	epistaxis	O	axis	4	1	epistaxis
errátil	errátil	O	atil	3	1	erratil
espay	espay	O	ai	2	1	espay
espicanardi	espicanardi	O	ardi	5	1	espicanardi
espicanardis	espicanardi	P	ardis	5	1	espicanardis
estasis	estasis	O	asis	3	1	estasis
estay	estay	O	ai	2	1	estay
extranjis	extranjis	O	anjis	3	1	extranjis
falaris	falaris	O	aris	3	0	falaris
forfait	forfait	O	ait	2	0	forfait
franklin	franklin	O	anklin	2	0	franklin
frasis	frasis	O	asis	2	0	frasis
fray	fray	O	ai	1	0	fray
frágil	frágil	O	agil	2	0	fragil
fácil	fácil	O	acil	2	0	facil
garay	garay	O	ai	2	0	garay
gay	gay	O	ai	1	0	gay
glacis	glacis	O	acis	2	0	glacis
gloriapatri	gloriapatri	O	atri	4	0	gloriapatri
gloriapatris	gloriapatri	P	atris	4	0	gloriapatris
gratis	gratis	O	atis	2	0	gratis
gray	gray	O	ai	1	0	gray
grácil	grácil	O	acil	2	0	gracil
grátil	grátil	O	atil	2	0	gratil
guachi	guachi	O	achi	2	0	guachi
guachis	guachi	P	achis	2	0	guachis
gualanday	gualanday	O	ai	3	0	gualanday
guay	guay	O	ai	1	0	guay
guirigay	guirigay	O	ai	3	0	guirigay
helmintiasis	helmintiasis	O	asis	4	1	helmintiasis
hemostasis	hemostasis	O	asis	4	1	hemostasis
hermodátil	hermodátil	O	atil	4	1	hermodatil
hipostasis	hipostasis	O	asis	4	0	hipostasis
hipotaxis	hipotaxis	O	axis	4	0	hipotaxis
homeostasis	homeostasis	O	asis	5	1	homeostasis
huacatay	huacatay	O	ai	3	1	huacatay
hábil	hábil	O	abil	2	1	habil
infraganti	infraganti	O	anti	4	1	infraganti
inhábil	inhábil	O	abil	3	1	inhabil
isatis	isatis	O	atis	3	1	isatis
jaborandi	jaborandi	O	andi	4	0	jaborandi
jaborandis	jaborandi	P	andis	4	0	jaborandis
jai	jai	O	ai	1	0	jai
jais	jai	P	ais	1	0	jais
jajay	jajay	O	ai	2	0	jajay
kaki	kaki	O	aki	2	0	kaki
kakis	kaki	P	akis	2	0	kakis
lay	lay	O	ai	1	0	lay
lendakari	lendakari	O	ari	4	0	lendakari
lendakaris	lendakari	P	aris	4	0	lendakaris
litiasis	litiasis	O	asis	3	0	litiasis
locatis	locatis	O	atis	3	0	locatis
lábil	lábil	O	abil	2	0	labil
lápiz	lápiz	O	apiz	2	0	lapiz
machi	machi	O	achi	2	0	machi
machis	machi	P	achis	2	0	machis
macis	macis	O	acis	2	0	macis
malangay	malangay	O	ai	3	0	malangay
mani	mani	O	ani	2	0	mani
manis	mani	P	anis	2	0	manis
mantis	mantis	O	antis	2	0	mantis
mariachi	mariachi	O	achi	3	0	mariachi
mariachis	mariachi	P	achis	3	0	mariachis
mariachis	mariachis	O	achis	3	0	mariachis
mecachis	mecachis	O	achis	3	0	mecachis
midriasis	midriasis	O	asis	3	0	midriasis
morfosintaxis	morfosintaxis	O	axis	5	0	morfosintaxis
mártir	mártir	O	artir	2	0	martir
mástil	mástil	O	astil	2	0	mastil
nadi	nadi	O	adi	2	0	nadi
nadis	nadi	P	adis	2	0	nadis
naif	naif	O	aif	1	0	naif
nanay	nanay	O	ai	2	0	nanay
natri	natri	O	atri	2	0	natri
natris	natri	P	atris	2	0	natris
natátil	natátil	O	atil	3	0	natatil
nazi	nazi	O	azi	2	0	nazi
nazis	nazi	P	azis	2	0	nazis
neonazi	neonazi	O	azi	4	0	neonazi
neonazis	neonazi	P	azis	4	0	neonazis
nodátil	nodátil	O	atil	3	0	nodatil
nominátim	nominátim	O	atim	4	0	nominatim
noray	noray	O	ai	2	0	noray
nádir	nádir	O	adir	2	0	nadir
ñandubay	ñandubay	O	ai	3	0	nandubay
oasis	oasis	O	asis	2	1	oasis
ocapi	ocapi	O	api	3	1	ocapi
ocapis	ocapi	P	apis	3	1	ocapis
okapi	okapi	O	api	3	1	okapi
okapis	okapi	P	apis	3	1	okapis
pacay	pacay	O	ai	2	0	pacay
paipay	paipay	O	ai	2	0	paipay
palay	palay	O	ai	2	0	palay
pali	pali	O	ali	2	0	pali
palis	pali	P	alis	2	0	palis
palpi	palpi	O	alpi	2	0	palpi
palpis	palpi	P	alpis	2	0	palpis
paparazzi	paparazzi	O	azzi	4	0	paparazzi
paparazzis	paparazzi	P	azzis	4	0	paparazzis
paraguay	paraguay	O	ai	3	0	paraguay
paralasis	paralasis	O	asis	4	0	paralasis
paralaxi	paralaxi	O	axi	4	0	paralaxi
paralaxis	paralaxi	P	axis	4	0	paralaxis
parataxis	parataxis	O	axis	4	0	parataxis
parsi	parsi	O	arsi	2	0	parsi
parsis	parsi	P	arsis	2	0	parsis
patay	patay	O	ai	2	0	patay
pañi	pañi	O	añi	2	0	pani
pañis	pañi	P	añis	2	0	panis
pelotari	pelotari	O	ari	4	0	pelotari
pelotaris	pelotari	P	aris	4	0	pelotaris
penalti	penalti	O	alti	3	0	penalti
penaltis	penalti	P	altis	3	0	penaltis
pijibay	pijibay	O	ai	3	0	pijibay
piscolabis	piscolabis	O	abis	4	0	piscolabis
pitiriasis	pitiriasis	O	asis	4	0	pitiriasis
portalápiz	portalápiz	O	apiz	4	0	portalapiz
portátil	portátil	O	atil	3	0	portatil
praxis	praxis	O	axis	2	0	praxis
profilaxis	profilaxis	O	axis	4	0	profilaxis
protomártir	protomártir	O	artir	4	0	protomartir
protráctil	protráctil	O	actil	3	0	protractil
psoriasis	psoriasis	O	asis	4	0	psoriasis
pulsátil	pulsátil	O	atil	3	0	pulsatil
pássim	pássim	O	assim	2	0	passim
quianti	quianti	O	anti	2	0	quianti
quiantis	quianti	P	antis	2	0	quiantis
quillay	quillay	O	ai	2	0	quillay
quilmay	quilmay	O	ai	2	0	quilmay
radiotaxi	radiotaxi	O	axi	4	0	radiotaxi
radiotaxis	radiotaxi	P	axis	4	0	radiotaxis
rail	rail	O	ail	1	0	rail
rain	rain	O	ain	1	0	rain
rally	rally	O	ralli	2	0	rally
retráctil	retráctil	O	actil	3	0	retractil
sacris	sacris	O	acris	2	0	sacris
safari	safari	O	ari	3	0	safari
safaris	safari	P	aris	3	0	safaris
salami	salami	O	ami	3	0	salami
salamis	salami	P	amis	3	0	salamis
samuray	samuray	O	ai	3	0	samuray
samurái	samurái	O	ai	3	0	samurai
samuráis	samurái	P	ais	3	0	samurais
sari	sari	O	ari	2	0	sari
saris	sari	P	aris	2	0	saris
satiriasis	satiriasis	O	asis	4	0	satiriasis
satis	satis	O	atis	2	0	satis
saxátil	saxátil	O	atil	3	0	saxatil
serrátil	serrátil	O	atil	3	0	serratil
sinamay	sinamay	O	ai	3	0	sinamay
sinapsis	sinapsis	O	apsis	3	0	sinapsis
sintaxis	sintaxis	O	axis	3	0	sintaxis
spray	spray	O	ai	2	0	spray
superávit	superávit	O	abit	4	0	superavit
suquinay	suquinay	O	ai	3	0	suquinay
sándwich	sándwich	O	andwich	3	0	sandwich
tapis	tapis	O	apis	2	0	tapis
taquirari	taquirari	O	ari	4	0	taquirari
taquiraris	taquirari	P	aris	4	0	taquiraris
taray	taray	O	ai	2	0	taray
tasi	tasi	O	asi	2	0	tasi
tasis	tasi	P	asis	2	0	tasis
tatami	tatami	O	ami	3	0	tatami
tatamis	tatami	P	amis	3	0	tatamis
taxi	taxi	O	axi	2	0	taxi
taxis	taxi	P	axis	2	0	taxis
tecali	tecali	O	ali	3	0	tecali
tecalis	tecali	P	alis	3	0	tecalis
teniasis	teniasis	O	asis	3	0	teniasis
teocali	teocali	O	ali	4	0	teocali
teocalis	teocali	P	alis	4	0	teocalis
termolábil	termolábil	O	abil	4	0	termolabil
teucali	teucali	O	ali	3	0	teucali
teucalis	teucali	P	alis	3	0	teucalis
tornátil	tornátil	O	atil	3	0	tornatil
tripanosomiasis	tripanosomiasis	O	asis	6	0	tripanosomiasis
táctil	táctil	O	actil	2	0	tactil
ubajay	ubajay	O	ai	3	1	ubajay
umbrátil	umbrátil	O	atil	3	1	umbratil
urunday	urunday	O	ai	3	1	urunday
vacaray	vacaray	O	ai	3	0	vacaray
velay	velay	O	ai	2	0	velay
verdegay	verdegay	O	ai	3	0	verdegay
versolari	versolari	O	ari	4	0	versolari
versolaris	versolari	P	aris	4	0	versolaris
versátil	versátil	O	atil	3	0	versatil
vibrátil	vibrátil	O	atil	3	0	vibratil
volátil	volátil	O	atil	3	0	volatil
yatay	yatay	O	ai	2	0	yatay
