lord	lord	O	ord	1	0	lord
milord	milord	O	ord	2	0	milord
corps	corps	O	orps	2	0	corps
confort	confort	O	ort	2	0	confort
roquefort	roquefort	O	ort	3	0	roquefort
short	short	O	ort	1	0	short
sport	sport	O	ort	2	0	sport
bongós	bongó	P	os	2	0	bongos
burós	buró	P	os	2	0	buros
calicós	calicó	P	os	3	0	calicos
calós	caló	P	os	2	0	calos
capós	capó	P	os	2	0	capos
carlós	carló	P	os	2	0	carlos
cayapós	cayapós	O	os	3	0	cayapos
chacós	chacó	P	os	2	0	chacos
changós	changó	P	os	2	0	changos
chapós	chapó	P	os	2	0	chapos
chavós	chavó	P	os	2	0	chavos
cheviós	chevió	P	os	2	0	chevios
chimós	chimó	P	os	2	0	chimos
chos	cho	P	os	1	0	chos
chocós	chocó	P	os	2	0	chocos
clos	clo	P	os	1	0	clos
cocós	cocó	P	os	2	0	cocos
adiós	adiós	O	os	2	1	adios
congós	congó	P	os	2	0	congos
cotós	cotó	P	os	2	0	cotos
adós	adó	P	os	2	1	ados
debós	debó	P	os	2	0	debos
dios	dios	O	os	1	0	dios
dos	do	P	os	1	0	dos
dominós	dominó	P	os	3	0	dominos
dos	dos	O	os	1	0	dos
empós	empós	O	os	2	1	empos
entredós	entredós	O	os	3	1	entredos
ahós	ahó	P	os	1	1	ahos
ajós	ajó	P	os	2	1	ajos
extradós	extradós	O	os	3	1	extrados
fillós	filló	P	os	2	0	fillos
fos	fo	P	os	1	0	fos
fricandós	fricandó	P	os	3	0	fricandos
gachós	gachó	P	os	2	0	gachos
gogós	gogó	P	os	2	0	gogos
gros	gro	P	os	1	0	gros
gros	gros	O	os	1	0	gros
guapomós	guapomó	P	os	3	0	guapomos
huchohós	huchohó	P	os	3	1	huchohos
huichós	huichó	P	os	2	1	huichos
intradós	intradós	O	os	3	1	intrados
jos	jo	P	os	1	0	jos
jocós	jocó	P	os	2	0	jocos
jucós	jucó	P	os	2	0	jucos
landós	landó	P	os	2	0	landos
los	lo	P	os	1	0	los
los	los	O	os	1	0	los
macrós	macró	P	os	2	0	macros
mios	mio	P	os	1	0	mios
mongós	mongó	P	os	2	0	mongos
nos	nos	O	os	1	0	nos
noyós	noyó	P	os	2	0	noyos
ños	ño	P	os	1	0	nos
os	o	P	os	1	1	os
ojós	ojó	P	os	2	1	ojos
os	os	O	os	1	1	os
paletós	paletó	P	os	3	0	paletos
panós	panó	P	os	2	0	panos
peñascarós	peñascaró	P	os	4	0	penascaros
platós	plató	P	os	2	0	platos
anós	anó	P	os	2	1	anos
pororós	pororó	P	os	3	0	pororos
pos	pos	O	os	1	0	pos
posós	posó	P	os	2	0	posos
pros	pro	P	os	1	0	pros
punzós	punzó	P	os	2	0	punzos
quimbombós	quimbombó	P	os	3	0	quimbombos
quingombós	quingombó	P	os	3	0	quingombos
rediós	rediós	O	os	2	0	redios
após	após	O	os	2	1	apos
ros	ro	P	os	1	0	ros
rococós	rococó	P	os	3	0	rococos
rondós	rondó	P	os	2	0	rondos
ros	ros	O	os	1	0	ros
sanseacabós	sanseacabó	P	os	5	0	sanseacabos
seibós	seibó	P	os	2	0	seibos
semidiós	semidiós	O	os	3	0	semidios
seós	seó	P	os	2	0	seos
sos	sos	O	os	1	0	sos
superyós	superyó	P	os	3	0	superyos
timbós	timbó	P	os	2	0	timbos
titingós	titingó	P	os	3	0	titingos
tos	to	P	os	1	0	tos
tococós	tococó	P	os	3	0	tococos
tonós	tonó	P	os	2	0	tonos
tos	tos	O	os	1	0	tos
totopós	totopó	P	os	3	0	totopos
trasdós	trasdós	O	os	2	0	trasdos
tremós	tremó	P	os	2	0	tremos
veintidós	veintidós	O	os	3	0	veintidos
vicediós	vicediós	O	os	3	0	vicedios
virarós	viraró	P	os	3	0	viraros
vos	vos	O	os	1	0	vos
yaacabós	yaacabó	P	os	4	0	yaacabos
yos	yo	P	os	1	0	yos
yos	yos	O	os	1	0	yos
yoyós	yoyó	P	os	2	0	yoyos
batós	bató	P	os	2	0	batos
birarós	biraró	P	os	3	0	biraros
cross	cross	O	oss	1	0	cross
compost	compost	O	ost	2	0	compost
post	post	O	ost	1	0	post
boicot	boicot	O	ot	2	0	boicot
cheviot	cheviot	O	ot	2	0	cheviot
complot	complot	O	ot	2	0	complot
contrafagot	contrafagot	O	ot	4	0	contrafagot
entrecot	entrecot	O	ot	3	1	entrecot
fagot	fagot	O	ot	2	0	fagot
maillot	maillot	O	ot	2	0	maillot
ninot	ninot	O	ot	2	0	ninot
pailebot	pailebot	O	ot	3	0	pailebot
paquebot	paquebot	O	ot	3	0	paquebot
pierrot	pierrot	O	ot	2	0	pierrot
robot	robot	O	ot	2	0	robot
salacot	salacot	O	ot	3	0	salacot
argot	argot	O	ot	2	1	argot
spot	spot	O	ot	2	0	spot
tarot	tarot	O	ot	2	0	tarot
bibelot	bibelot	O	ot	3	0	bibelot
bungalow	bungalow	O	ow	3	0	bungalow
show	show	O	ow	1	0	show
clown	clown	O	own	1	0	clown
box	box	O	ox	1	0	box
coxcox	coxcox	O	ox	2	0	coxcox
gambox	gambox	O	ox	2	0	gambox
ox	ox	O	ox	1	1	ox
trox	trox	O	ox	1	0	trox
choz	choz	O	oz	1	0	choz
coz	coz	O	oz	1	0	coz
alaroz	alaroz	O	oz	3	1	alaroz
albornoz	albornoz	O	oz	3	1	albornoz
feroz	feroz	O	oz	2	0	feroz
alfendoz	alfendoz	O	oz	3	1	alfendoz
alficoz	alficoz	O	oz	3	1	alficoz
alfoz	alfoz	O	oz	2	1	alfoz
alhoz	alhoz	O	oz	2	1	alhoz
hoz	hoz	O	oz	1	1	hoz
alpicoz	alpicoz	O	oz	3	1	alpicoz
altavoz	altavoz	O	oz	3	1	altavoz
portavoz	portavoz	O	oz	3	0	portavoz
precoz	precoz	O	oz	2	0	precoz
sovoz	sovoz	O	oz	2	0	sovoz
tejaroz	tejaroz	O	oz	3	0	tejaroz
arroz	arroz	O	oz	2	1	arroz
tornavoz	tornavoz	O	oz	3	0	tornavoz
veloz	veloz	O	oz	2	0	veloz
voz	voz	O	oz	1	0	voz
atroz	atroz	O	oz	2	1	atroz
