aeródromo	aeródromo	O	odromo	4	1	aerodromo
aeródromos	aeródromo	P	odromos	4	1	aerodromos
aerófobo	aerófobo	O	ofobo	4	1	aerofobo
aerófobos	aerófobo	P	ofobos	4	1	aerofobos
agrónomo	agrónomo	O	onomo	4	1	agronomo
agrónomos	agrónomo	P	onomos	4	1	agronomos
alergólogo	alergólogo	O	ologo	5	1	alergologo
alergólogos	alergólogo	P	ologos	5	1	alergologos
alóbrogo	alóbrogo	O	obrogo	4	1	alobrogo
alóbrogos	alóbrogo	P	obrogos	4	1	alobrogos
alóctono	alóctono	O	octono	4	1	aloctono
alóctonos	alóctono	P	octonos	4	1	aloctonos
alófono	alófono	O	ofono	4	1	alofono
alófonos	alófono	P	ofonos	4	1	alofonos
anatomopatólogo	anatomopatólogo	O	ologo	8	1	anatomopatologo
anatomopatólogos	anatomopatólogo	P	ologos	8	1	anatomopatologos
anestesiólogo	anestesiólogo	O	ologo	6	1	anestesiologo
anestesiólogos	anestesiólogo	P	ologos	6	1	anestesiologos
angiólogo	angiólogo	O	ologo	4	1	angiologo
angiólogos	angiólogo	P	ologos	4	1	angiologos
anglófobo	anglófobo	O	ofobo	4	1	anglofobo
anglófobos	anglófobo	P	ofobos	4	1	anglofobos
anglófono	anglófono	O	ofono	4	1	anglofono
anglófonos	anglófono	P	ofonos	4	1	anglofonos
anisótropo	anisótropo	O	otropo	5	1	anisotropo
anisótropos	anisótropo	P	otropos	5	1	anisotropos
antropólogo	antropólogo	O	ologo	5	1	antropologo
antropólogos	antropólogo	P	ologos	5	1	antropologos
antropósofo	antropósofo	O	osofo	5	1	antroposofo
antropósofos	antropósofo	P	osofos	5	1	antroposofos
antólogo	antólogo	O	ologo	4	1	antologo
antólogos	antólogo	P	ologos	4	1	antologos
apólogo	apólogo	O	ologo	4	1	apologo
apólogos	apólogo	P	ologos	4	1	apologos
apóstolo	apóstolo	O	ostolo	4	1	apostolo
apóstolos	apóstolo	P	ostolos	4	1	apostolos
apóstrofo	apóstrofo	O	ostrofo	4	1	apostrofo
apóstrofos	apóstrofo	P	ostrofos	4	1	apostrofos
aracnólogo	aracnólogo	O	ologo	5	1	aracnologo
aracnólogos	aracnólogo	P	ologos	5	1	aracnologos
archivólogo	archivólogo	O	ologo	5	1	archivologo
archivólogos	archivólogo	P	ologos	5	1	archivologos
arqueólogo	arqueólogo	O	ologo	5	1	arqueologo
arqueólogos	arqueólogo	P	ologos	5	1	arqueologos
artrópodo	artrópodo	O	opodo	4	1	artropodo
artrópodos	artrópodo	P	opodos	4	1	artropodos
asiriólogo	asiriólogo	O	ologo	5	1	asiriologo
asiriólogos	asiriólogo	P	ologos	5	1	asiriologos
astrólogo	astrólogo	O	ologo	4	1	astrologo
astrólogos	astrólogo	P	ologos	4	1	astrologos
astrónomo	astrónomo	O	onomo	4	1	astronomo
astrónomos	astrónomo	P	onomos	4	1	astronomos
audiófono	audiófono	O	ofono	4	1	audiofono
audiófonos	audiófono	P	ofonos	4	1	audiofonos
autóctono	autóctono	O	octono	4	1	autoctono
autóctonos	autóctono	P	octonos	4	1	autoctonos
autódromo	autódromo	O	odromo	4	1	autodromo
autódromos	autódromo	P	odromos	4	1	autodromos
autónomo	autónomo	O	onomo	4	1	autonomo
autónomos	autónomo	P	onomos	4	1	autonomos
autótrofo	autótrofo	O	otrofo	4	1	autotrofo
autótrofos	autótrofo	P	otrofos	4	1	autotrofos
bacteriólogo	bacteriólogo	O	ologo	5	0	bacteriologo
bacteriólogos	bacteriólogo	P	ologos	5	0	bacteriologos
bibliotecólogo	bibliotecólogo	O	ologo	6	0	bibliotecologo
bibliotecólogos	bibliotecólogo	P	ologos	6	0	bibliotecologos
biólogo	biólogo	O	ologo	3	0	biologo
biólogos	biólogo	P	ologos	3	0	biologos
biótopo	biótopo	O	otopo	3	0	biotopo
biótopos	biótopo	P	otopos	3	0	biotopos
braquiópodo	braquiópodo	O	opodo	4	0	braquiopodo
braquiópodos	braquiópodo	P	opodos	4	0	braquiopodos
bromatólogo	bromatólogo	O	ologo	5	0	bromatologo
bromatólogos	bromatólogo	P	ologos	5	0	bromatologos
campanólogo	campanólogo	O	ologo	5	0	campanologo
campanólogos	campanólogo	P	ologos	5	0	campanologos
cancerólogo	cancerólogo	O	ologo	5	0	cancerologo
cancerólogos	cancerólogo	P	ologos	5	0	cancerologos
canódromo	canódromo	O	odromo	4	0	canodromo
canódromos	canódromo	P	odromos	4	0	canodromos
cardiólogo	cardiólogo	O	ologo	4	0	cardiologo
cardiólogos	cardiólogo	P	ologos	4	0	cardiologos
cefalópodo	cefalópodo	O	opodo	5	0	cefalopodo
cefalópodos	cefalópodo	P	opodos	5	0	cefalopodos
chócolo	chócolo	O	ocolo	3	0	chocolo
chócolos	chócolo	P	ocolos	3	0	chocolos
ciclóstomo	ciclóstomo	O	ostomo	4	0	ciclostomo
ciclóstomos	ciclóstomo	P	ostomos	4	0	ciclostomos
cirrópodo	cirrópodo	O	opodo	4	0	cirropodo
cirrópodos	cirrópodo	P	opodos	4	0	cirropodos
citófono	citófono	O	ofono	4	0	citofono
citófonos	citófono	P	ofonos	4	0	citofonos
citólogo	citólogo	O	ologo	4	0	citologo
citólogos	citólogo	P	ologos	4	0	citologos
clerófobo	clerófobo	O	ofobo	4	0	clerofobo
clerófobos	clerófobo	P	ofobos	4	0	clerofobos
climatólogo	climatólogo	O	ologo	5	0	climatologo
climatólogos	climatólogo	P	ologos	5	0	climatologos
comunicólogo	comunicólogo	O	ologo	6	0	comunicologo
comunicólogos	comunicólogo	P	ologos	6	0	comunicologos
conquiliólogo	conquiliólogo	O	ologo	5	0	conquiliologo
conquiliólogos	conquiliólogo	P	ologos	5	0	conquiliologos
contactólogo	contactólogo	O	ologo	5	0	contactologo
contactólogos	contactólogo	P	ologos	5	0	contactologos
cosmetólogo	cosmetólogo	O	ologo	5	0	cosmetologo
cosmetólogos	cosmetólogo	P	ologos	5	0	cosmetologos
cosmódromo	cosmódromo	O	odromo	4	0	cosmodromo
cosmódromos	cosmódromo	P	odromos	4	0	cosmodromos
cosmólogo	cosmólogo	O	ologo	4	0	cosmologo
cosmólogos	cosmólogo	P	ologos	4	0	cosmologos
criminólogo	criminólogo	O	ologo	5	0	criminologo
criminólogos	criminólogo	P	ologos	5	0	criminologos
cromóforo	cromóforo	O	oforo	4	0	cromoforo
cromóforos	cromóforo	P	oforos	4	0	cromoforos
cronólogo	cronólogo	O	ologo	4	0	cronologo
cronólogos	cronólogo	P	ologos	4	0	cronologos
ctenóforo	ctenóforo	O	oforo	5	0	ctenoforo
ctenóforos	ctenóforo	P	oforos	5	0	ctenoforos
cócono	cócono	O	ocono	3	0	cocono
cóconos	cócono	P	oconos	3	0	coconos
cómodo	cómodo	O	omodo	3	0	comodo
cómodos	cómodo	P	omodos	3	0	comodos
cónsono	cónsono	O	onsono	3	0	consono
cónsonos	cónsono	P	onsonos	3	0	consonos
demonólogo	demonólogo	O	ologo	5	0	demonologo
demonólogos	demonólogo	P	ologos	5	0	demonologos
dermatólogo	dermatólogo	O	ologo	5	0	dermatologo
dermatólogos	dermatólogo	P	ologos	5	0	dermatologos
descómodo	descómodo	O	omodo	4	0	descomodo
descómodos	descómodo	P	omodos	4	0	descomodos
dialectólogo	dialectólogo	O	ologo	5	0	dialectologo
dialectólogos	dialectólogo	P	ologos	5	0	dialectologos
dicótomo	dicótomo	O	otomo	4	0	dicotomo
dicótomos	dicótomo	P	otomos	4	0	dicotomos
discóbolo	discóbolo	O	obolo	4	0	discobolo
discóbolos	discóbolo	P	obolos	4	0	discobolos
ecólogo	ecólogo	O	ologo	4	1	ecologo
ecólogos	ecólogo	P	ologos	4	1	ecologos
ecónomo	ecónomo	O	onomo	4	1	economo
ecónomos	ecónomo	P	onomos	4	1	economos
edafólogo	edafólogo	O	ologo	5	1	edafologo
edafólogos	edafólogo	P	ologos	5	1	edafologos
egiptólogo	egiptólogo	O	ologo	5	1	egiptologo
egiptólogos	egiptólogo	P	ologos	5	1	egiptologos
electróforo	electróforo	O	oforo	5	1	electroforo
electróforos	electróforo	P	oforos	5	1	electroforos
embriólogo	embriólogo	O	ologo	4	1	embriologo
embriólogos	embriólogo	P	ologos	4	1	embriologos
endocrinólogo	endocrinólogo	O	ologo	6	1	endocrinologo
endocrinólogos	endocrinólogo	P	ologos	6	1	endocrinologos
entomólogo	entomólogo	O	ologo	5	1	entomologo
entomólogos	entomólogo	P	ologos	5	1	entomologos
enólogo	enólogo	O	ologo	4	1	enologo
enólogos	enólogo	P	ologos	4	1	enologos
epidemiólogo	epidemiólogo	O	ologo	6	1	epidemiologo
epidemiólogos	epidemiólogo	P	ologos	6	1	epidemiologos
ergónomo	ergónomo	O	onomo	4	1	ergonomo
ergónomos	ergónomo	P	onomos	4	1	ergonomos
espeleólogo	espeleólogo	O	ologo	6	1	espeleologo
espeleólogos	espeleólogo	P	ologos	6	1	espeleologos
estomatólogo	estomatólogo	O	ologo	6	1	estomatologo
estomatólogos	estomatólogo	P	ologos	6	1	estomatologos
estomatópodo	estomatópodo	O	opodo	6	1	estomatopodo
estomatópodos	estomatópodo	P	opodos	6	1	estomatopodos
etimólogo	etimólogo	O	ologo	5	1	etimologo
etimólogos	etimólogo	P	ologos	5	1	etimologos
etnólogo	etnólogo	O	ologo	4	1	etnologo
etnólogos	etnólogo	P	ologos	4	1	etnologos
etólogo	etólogo	O	ologo	4	1	etologo
etólogos	etólogo	P	ologos	4	1	etologos
farmacólogo	farmacólogo	O	ologo	5	0	farmacologo
farmacólogos	farmacólogo	P	ologos	5	0	farmacologos
fenomenólogo	fenomenólogo	O	ologo	6	0	fenomenologo
fenomenólogos	fenomenólogo	P	ologos	6	0	fenomenologos
filólogo	filólogo	O	ologo	4	0	filologo
filólogos	filólogo	P	ologos	4	0	filologos
filósofo	filósofo	O	osofo	4	0	filosofo
filósofos	filósofo	P	osofos	4	0	filosofos
fisiólogo	fisiólogo	O	ologo	4	0	fisiologo
fisiólogos	fisiólogo	P	ologos	4	0	fisiologos
fisónomo	fisónomo	O	onomo	4	0	fisonomo
fisónomos	fisónomo	P	onomos	4	0	fisonomos
fisóstomo	fisóstomo	O	ostomo	4	0	fisostomo
fisóstomos	fisóstomo	P	ostomos	4	0	fisostomos
flamencólogo	flamencólogo	O	ologo	5	0	flamencologo
flamencólogos	flamencólogo	P	ologos	5	0	flamencologos
fonólogo	fonólogo	O	ologo	4	0	fonologo
fonólogos	fonólogo	P	ologos	4	0	fonologos
fotófobo	fotófobo	O	ofobo	4	0	fotofobo
fotófobos	fotófobo	P	ofobos	4	0	fotofobos
francófobo	francófobo	O	ofobo	4	0	francofobo
francófobos	francófobo	P	ofobos	4	0	francofobos
francófono	francófono	O	ofono	4	0	francofono
francófonos	francófono	P	ofonos	4	0	francofonos
frenólogo	frenólogo	O	ologo	4	0	frenologo
frenólogos	frenólogo	P	ologos	4	0	frenologos
futurólogo	futurólogo	O	ologo	5	0	futurologo
futurólogos	futurólogo	P	ologos	5	0	futurologos
fósforo	fósforo	O	osforo	3	0	fosforo
fósforos	fósforo	P	osforos	3	0	fosforos
galactóforo	galactóforo	O	oforo	5	0	galactoforo
galactóforos	galactóforo	P	oforos	5	0	galactoforos
galófobo	galófobo	O	ofobo	4	0	galofobo
galófobos	galófobo	P	ofobos	4	0	galofobos
gasterópodo	gasterópodo	O	opodo	5	0	gasteropodo
gasterópodos	gasterópodo	P	opodos	5	0	gasteropodos
gastroenterólogo	gastroenterólogo	O	ologo	7	0	gastroenterologo
gastroenterólogos	gastroenterólogo	P	ologos	7	0	gastroenterologos
gastrónomo	gastrónomo	O	onomo	4	0	gastronomo
gastrónomos	gastrónomo	P	onomos	4	0	gastronomos
gemólogo	gemólogo	O	ologo	4	0	gemologo
gemólogos	gemólogo	P	ologos	4	0	gemologos
germanófobo	germanófobo	O	ofobo	5	0	germanofobo
germanófobos	germanófobo	P	ofobos	5	0	germanofobos
gerontólogo	gerontólogo	O	ologo	5	0	gerontologo
gerontólogos	gerontólogo	P	ologos	5	0	gerontologos
geólogo	geólogo	O	ologo	4	0	geologo
geólogos	geólogo	P	ologos	4	0	geologos
geópono	geópono	O	opono	4	0	geopono
geóponos	geópono	P	oponos	4	0	geoponos
ginecólogo	ginecólogo	O	ologo	5	0	ginecologo
ginecólogos	ginecólogo	P	ologos	5	0	ginecologos
giróscopo	giróscopo	O	oscopo	4	0	giroscopo
giróscopos	giróscopo	P	oscopos	4	0	giroscopos
glaciólogo	glaciólogo	O	ologo	4	0	glaciologo
glaciólogos	glaciólogo	P	ologos	4	0	glaciologos
grafólogo	grafólogo	O	ologo	4	0	grafologo
grafólogos	grafólogo	P	ologos	4	0	grafologos
gramófono	gramófono	O	ofono	4	0	gramofono
gramófonos	gramófono	P	ofonos	4	0	gramofonos
górgoro	górgoro	O	orgoro	3	0	gorgoro
górgoros	górgoro	P	orgoros	3	0	gorgoros
hematólogo	hematólogo	O	ologo	5	1	hematologo
hematólogos	hematólogo	P	ologos	5	1	hematologos
hepatólogo	hepatólogo	O	ologo	5	1	hepatologo
hepatólogos	hepatólogo	P	ologos	5	1	hepatologos
herpetólogo	herpetólogo	O	ologo	5	1	herpetologo
herpetólogos	herpetólogo	P	ologos	5	1	herpetologos
heterónomo	heterónomo	O	onomo	5	1	heteronomo
heterónomos	heterónomo	P	onomos	5	1	heteronomos
heterótrofo	heterótrofo	O	otrofo	5	1	heterotrofo
heterótrofos	heterótrofo	P	otrofos	5	1	heterotrofos
hidrogeólogo	hidrogeólogo	O	ologo	6	0	hidrogeologo
hidrogeólogos	hidrogeólogo	P	ologos	6	0	hidrogeologos
hidrófobo	hidrófobo	O	ofobo	4	0	hidrofobo
hidrófobos	hidrófobo	P	ofobos	4	0	hidrofobos
hidrólogo	hidrólogo	O	ologo	4	0	hidrologo
hidrólogos	hidrólogo	P	ologos	4	0	hidrologos
hipódromo	hipódromo	O	odromo	4	0	hipodromo
hipódromos	hipódromo	P	odromos	4	0	hipodromos
hipólogo	hipólogo	O	ologo	4	0	hipologo
hipólogos	hipólogo	P	ologos	4	0	hipologos
hispanófobo	hispanófobo	O	ofobo	5	0	hispanofobo
hispanófobos	hispanófobo	P	ofobos	5	0	hispanofobos
histólogo	histólogo	O	ologo	4	0	histologo
histólogos	histólogo	P	ologos	4	0	histologos
homófono	homófono	O	ofono	4	1	homofono
homófonos	homófono	P	ofonos	4	1	homofonos
homólogo	homólogo	O	ologo	4	1	homologo
homólogos	homólogo	P	ologos	4	1	homologos
horóscopo	horóscopo	O	oscopo	4	1	horoscopo
horóscopos	horóscopo	P	oscopos	4	1	horoscopos
ictiólogo	ictiólogo	O	ologo	4	1	ictiologo
ictiólogos	ictiólogo	P	ologos	4	1	ictiologos
ideólogo	ideólogo	O	ologo	5	1	ideologo
ideólogos	ideólogo	P	ologos	5	1	ideologos
incómodo	incómodo	O	omodo	4	1	incomodo
incómodos	incómodo	P	omodos	4	1	incomodos
inmunólogo	inmunólogo	O	ologo	5	1	inmunologo
inmunólogos	inmunólogo	P	ologos	5	1	inmunologos
isócrono	isócrono	O	ocrono	4	1	isocrono
isócronos	isócrono	P	ocronos	4	1	isocronos
isófono	isófono	O	ofono	4	1	isofono
isófonos	isófono	P	ofonos	4	1	isofonos
isógono	isógono	O	ogono	4	1	isogono
isógonos	isógono	P	ogonos	4	1	isogonos
isópodo	isópodo	O	opodo	4	1	isopodo
isópodos	isópodo	P	opodos	4	1	isopodos
isótopo	isótopo	O	otopo	4	1	isotopo
isótopos	isótopo	P	otopos	4	1	isotopos
isótropo	isótropo	O	otropo	4	1	isotropo
isótropos	isótropo	P	otropos	4	1	isotropos
kinesiólogo	kinesiólogo	O	ologo	5	0	kinesiologo
kinesiólogos	kinesiólogo	P	ologos	5	0	kinesiologos
kremlinólogo	kremlinólogo	O	ologo	5	0	kremlinologo
kremlinólogos	kremlinólogo	P	ologos	5	0	kremlinologos
laringólogo	laringólogo	O	ologo	5	0	laringologo
laringólogos	laringólogo	P	ologos	5	0	laringologos
lexicólogo	lexicólogo	O	ologo	5	0	lexicologo
lexicólogos	lexicólogo	P	ologos	5	0	lexicologos
liróforo	liróforo	O	oforo	4	0	liroforo
liróforos	liróforo	P	oforos	4	0	liroforos
litólogo	litólogo	O	ologo	4	0	litologo
litólogos	litólogo	P	ologos	4	0	litologos
magnetófono	magnetófono	O	ofono	5	0	magnetofono
magnetófonos	magnetófono	P	ofonos	5	0	magnetofonos
mariólogo	mariólogo	O	ologo	4	0	mariologo
mariólogos	mariólogo	P	ologos	4	0	mariologos
mastozoólogo	mastozoólogo	O	ologo	6	0	mastozoologo
mastozoólogos	mastozoólogo	P	ologos	6	0	mastozoologos
mastólogo	mastólogo	O	ologo	4	0	mastologo
mastólogos	mastólogo	P	ologos	4	0	mastologos
melanóforo	melanóforo	O	oforo	5	0	melanoforo
melanóforos	melanóforo	P	oforos	5	0	melanoforos
meteorólogo	meteorólogo	O	ologo	6	0	meteorologo
meteorólogos	meteorólogo	P	ologos	6	0	meteorologos
metrónomo	metrónomo	O	onomo	4	0	metronomo
metrónomos	metrónomo	P	onomos	4	0	metronomos
microbiólogo	microbiólogo	O	ologo	5	0	microbiologo
microbiólogos	microbiólogo	P	ologos	5	0	microbiologos
micrófono	micrófono	O	ofono	4	0	microfono
micrófonos	micrófono	P	ofonos	4	0	microfonos
micrótomo	micrótomo	O	otomo	4	0	microtomo
micrótomos	micrótomo	P	otomos	4	0	microtomos
micólogo	micólogo	O	ologo	4	0	micologo
micólogos	micólogo	P	ologos	4	0	micologos
miriópodo	miriópodo	O	opodo	4	0	miriopodo
miriópodos	miriópodo	P	opodos	4	0	miriopodos
mitólogo	mitólogo	O	ologo	4	0	mitologo
mitólogos	mitólogo	P	ologos	4	0	mitologos
monólogo	monólogo	O	ologo	4	0	monologo
monólogos	monólogo	P	ologos	4	0	monologos
monótono	monótono	O	otono	4	0	monotono
monótonos	monótono	P	otonos	4	0	monotonos
museólogo	museólogo	O	ologo	5	0	museologo
museólogos	museólogo	P	ologos	5	0	museologos
musicólogo	musicólogo	O	ologo	5	0	musicologo
musicólogos	musicólogo	P	ologos	5	0	musicologos
necróforo	necróforo	O	oforo	4	0	necroforo
necróforos	necróforo	P	oforos	4	0	necroforos
nefrólogo	nefrólogo	O	ologo	4	0	nefrologo
nefrólogos	nefrólogo	P	ologos	4	0	nefrologos
neonatólogo	neonatólogo	O	ologo	6	0	neonatologo
neonatólogos	neonatólogo	P	ologos	6	0	neonatologos
neumólogo	neumólogo	O	ologo	4	0	neumologo
neumólogos	neumólogo	P	ologos	4	0	neumologos
neurobiólogo	neurobiólogo	O	ologo	5	0	neurobiologo
neurobiólogos	neurobiólogo	P	ologos	5	0	neurobiologos
neuroembriólogo	neuroembriólogo	O	ologo	6	0	neuroembriologo
neuroembriólogos	neuroembriólogo	P	ologos	6	0	neuroembriologos
neurólogo	neurólogo	O	ologo	4	0	neurologo
neurólogos	neurólogo	P	ologos	4	0	neurologos
neurótomo	neurótomo	O	otomo	4	0	neurotomo
neurótomos	neurótomo	P	otomos	4	0	neurotomos
neólogo	neólogo	O	ologo	4	0	neologo
neólogos	neólogo	P	ologos	4	0	neologos
octógono	octógono	O	ogono	4	1	octogono
octógonos	octógono	P	ogonos	4	1	octogonos
octópodo	octópodo	O	opodo	4	1	octopodo
octópodos	octópodo	P	opodos	4	1	octopodos
odontólogo	odontólogo	O	ologo	5	1	odontologo
odontólogos	odontólogo	P	ologos	5	1	odontologos
oftalmólogo	oftalmólogo	O	ologo	5	1	oftalmologo
oftalmólogos	oftalmólogo	P	ologos	5	1	oftalmologos
oncólogo	oncólogo	O	ologo	4	1	oncologo
oncólogos	oncólogo	P	ologos	4	1	oncologos
ontólogo	ontólogo	O	ologo	4	1	ontologo
ontólogos	ontólogo	P	ologos	4	1	ontologos
ornitólogo	ornitólogo	O	ologo	5	1	ornitologo
ornitólogos	ornitólogo	P	ologos	5	1	ornitologos
ortólogo	ortólogo	O	ologo	4	1	ortologo
ortólogos	ortólogo	P	ologos	4	1	ortologos
osteólogo	osteólogo	O	ologo	5	1	osteologo
osteólogos	osteólogo	P	ologos	5	1	osteologos
otorrinolaringólogo	otorrinolaringólogo	O	ologo	9	1	otorrinolaringologo
otorrinolaringólogos	otorrinolaringólogo	P	ologos	9	1	otorrinolaringologos
otólogo	otólogo	O	ologo	4	1	otologo
otólogos	otólogo	P	ologos	4	1	otologos
óbolo	óbolo	O	obolo	3	1	obolo
óbolos	óbolo	P	obolos	3	1	obolos
óvolo	óvolo	O	obolo	3	1	ovolo
óvolos	óvolo	P	obolos	3	1	ovolos
paleontólogo	paleontólogo	O	ologo	6	0	paleontologo
paleontólogos	paleontólogo	P	ologos	6	0	paleontologos
paleopatólogo	paleopatólogo	O	ologo	7	0	paleopatologo
paleopatólogos	paleopatólogo	P	ologos	7	0	paleopatologos
paleólogo	paleólogo	O	ologo	5	0	paleologo
paleólogos	paleólogo	P	ologos	5	0	paleologos
panderetólogo	panderetólogo	O	ologo	6	0	panderetologo
panderetólogos	panderetólogo	P	ologos	6	0	panderetologos
papirólogo	papirólogo	O	ologo	5	0	papirologo
papirólogos	papirólogo	P	ologos	5	0	papirologos
parapsicólogo	parapsicólogo	O	ologo	6	0	parapsicologo
parapsicólogos	parapsicólogo	P	ologos	6	0	parapsicologos
parasicólogo	parasicólogo	O	ologo	6	0	parasicologo
parasicólogos	parasicólogo	P	ologos	6	0	parasicologos
paremiólogo	paremiólogo	O	ologo	5	0	paremiologo
paremiólogos	paremiólogo	P	ologos	5	0	paremiologos
patólogo	patólogo	O	ologo	4	0	patologo
patólogos	patólogo	P	ologos	4	0	patologos
plagióstomo	plagióstomo	O	ostomo	4	0	plagiostomo
plagióstomos	plagióstomo	P	ostomos	4	0	plagiostomos
podólogo	podólogo	O	ologo	4	0	podologo
podólogos	podólogo	P	ologos	4	0	podologos
politólogo	politólogo	O	ologo	5	0	politologo
politólogos	politólogo	P	ologos	5	0	politologos
pomólogo	pomólogo	O	ologo	4	0	pomologo
pomólogos	pomólogo	P	ologos	4	0	pomologos
proctólogo	proctólogo	O	ologo	4	0	proctologo
proctólogos	proctólogo	P	ologos	4	0	proctologos
pródromo	pródromo	O	odromo	3	0	prodromo
pródromos	pródromo	P	odromos	3	0	prodromos
prólogo	prólogo	O	ologo	3	0	prologo
prólogos	prólogo	P	ologos	3	0	prologos
psicólogo	psicólogo	O	ologo	5	0	psicologo
psicólogos	psicólogo	P	ologos	5	0	psicologos
quinesiólogo	quinesiólogo	O	ologo	5	0	quinesiologo
quinesiólogos	quinesiólogo	P	ologos	5	0	quinesiologos
radioisótopo	radioisótopo	O	otopo	5	0	radioisotopo
radioisótopos	radioisótopo	P	otopos	5	0	radioisotopos
radiólogo	radiólogo	O	ologo	4	0	radiologo
radiólogos	radiólogo	P	ologos	4	0	radiologos
reumatólogo	reumatólogo	O	ologo	5	0	reumatologo
reumatólogos	reumatólogo	P	ologos	5	0	reumatologos
reóforo	reóforo	O	oforo	4	0	reoforo
reóforos	reóforo	P	oforos	4	0	reoforos
rinólogo	rinólogo	O	ologo	4	0	rinologo
rinólogos	rinólogo	P	ologos	4	0	rinologos
rizópodo	rizópodo	O	opodo	4	0	rizopodo
rizópodos	rizópodo	P	opodos	4	0	rizopodos
rocódromo	rocódromo	O	odromo	4	0	rocodromo
rocódromos	rocódromo	P	odromos	4	0	rocodromos
saxófono	saxófono	O	ofono	4	0	saxofono
saxófonos	saxófono	P	ofonos	4	0	saxofonos
seudópodo	seudópodo	O	opodo	4	0	seudopodo
seudópodos	seudópodo	P	opodos	4	0	seudopodos
sexólogo	sexólogo	O	ologo	4	0	sexologo
sexólogos	sexólogo	P	ologos	4	0	sexologos
sicólogo	sicólogo	O	ologo	4	0	sicologo
sicólogos	sicólogo	P	ologos	4	0	sicologos
sicómoro	sicómoro	O	omoro	4	0	sicomoro
sicómoros	sicómoro	P	omoros	4	0	sicomoros
sinólogo	sinólogo	O	ologo	4	0	sinologo
sinólogos	sinólogo	P	ologos	4	0	sinologos
sismólogo	sismólogo	O	ologo	4	0	sismologo
sismólogos	sismólogo	P	ologos	4	0	sismologos
sociólogo	sociólogo	O	ologo	4	0	sociologo
sociólogos	sociólogo	P	ologos	4	0	sociologos
taurófobo	taurófobo	O	ofobo	4	0	taurofobo
taurófobos	taurófobo	P	ofobos	4	0	taurofobos
taxónomo	taxónomo	O	onomo	4	0	taxonomo
taxónomos	taxónomo	P	onomos	4	0	taxonomos
tecnólogo	tecnólogo	O	ologo	4	0	tecnologo
tecnólogos	tecnólogo	P	ologos	4	0	tecnologos
terminólogo	terminólogo	O	ologo	5	0	terminologo
terminólogos	terminólogo	P	ologos	5	0	terminologos
teólogo	teólogo	O	ologo	4	0	teologo
teólogos	teólogo	P	ologos	4	0	teologos
teósofo	teósofo	O	osofo	4	0	teosofo
teósofos	teósofo	P	osofos	4	0	teosofos
tiflólogo	tiflólogo	O	ologo	4	0	tiflologo
tiflólogos	tiflólogo	P	ologos	4	0	tiflologos
timbrólogo	timbrólogo	O	ologo	4	0	timbrologo
timbrólogos	timbrólogo	P	ologos	4	0	timbrologos
tisiólogo	tisiólogo	O	ologo	4	0	tisiologo
tisiólogos	tisiólogo	P	ologos	4	0	tisiologos
tocólogo	tocólogo	O	ologo	4	0	tocologo
tocólogos	tocólogo	P	ologos	4	0	tocologos
toxicólogo	toxicólogo	O	ologo	5	0	toxicologo
toxicólogos	toxicólogo	P	ologos	5	0	toxicologos
traumatólogo	traumatólogo	O	ologo	5	0	traumatologo
traumatólogos	traumatólogo	P	ologos	5	0	traumatologos
tricótomo	tricótomo	O	otomo	4	0	tricotomo
tricótomos	tricótomo	P	otomos	4	0	tricotomos
trofólogo	trofólogo	O	ologo	4	0	trofologo
trofólogos	trofólogo	P	ologos	4	0	trofologos
tómbolo	tómbolo	O	ombolo	3	0	tombolo
tómbolos	tómbolo	P	ombolos	3	0	tombolos
tórtolo	tórtolo	O	ortolo	3	0	tortolo
tórtolos	tórtolo	P	ortolos	3	0	tortolos
ufólogo	ufólogo	O	ologo	4	1	ufologo
ufólogos	ufólogo	P	ologos	4	1	ufologos
urólogo	urólogo	O	ologo	4	1	urologo
urólogos	urólogo	P	ologos	4	1	urologos
vascólogo	vascólogo	O	ologo	4	0	vascologo
vascólogos	vascólogo	P	ologos	4	0	vascologos
velódromo	velódromo	O	odromo	4	0	velodromo
velódromos	velódromo	P	odromos	4	0	velodromos
venereólogo	venereólogo	O	ologo	6	0	venereologo
venereólogos	venereólogo	P	ologos	6	0	venereologos
vexilólogo	vexilólogo	O	ologo	5	0	vexilologo
vexilólogos	vexilólogo	P	ologos	5	0	vexilologos
virólogo	virólogo	O	ologo	4	0	virologo
virólogos	virólogo	P	ologos	4	0	virologos
volcanólogo	volcanólogo	O	ologo	5	0	volcanologo
volcanólogos	volcanólogo	P	ologos	5	0	volcanologos
vulcanólogo	vulcanólogo	O	ologo	5	0	vulcanologo
vulcanólogos	vulcanólogo	P	ologos	5	0	vulcanologos
xenófobo	xenófobo	O	ofobo	4	0	xenofobo
xenófobos	xenófobo	P	ofobos	4	0	xenofobos
xilófono	xilófono	O	ofono	4	0	xilofono
xilófonos	xilófono	P	ofonos	4	0	xilofonos
zoólogo	zoólogo	O	ologo	4	0	zoologo
zoólogos	zoólogo	P	ologos	4	0	zoologos
zoótropo	zoótropo	O	otropo	4	0	zootropo
zoótropos	zoótropo	P	otropos	4	0	zootropos
