abecé	abecé	O	e	3	1	abece
abecés	abecé	P	es	3	1	abeces
abonaré	abonaré	O	e	4	1	abonare
abonarés	abonaré	P	es	4	1	abonares
abés	abés	O	es	2	1	abes
achiqué	achiqué	O	e	3	1	achique
achiqués	achiqué	P	es	3	1	achiques
acidez	acidez	O	ez	3	1	acidez
aciprés	aciprés	O	es	3	1	acipres
acmé	acmé	O	e	2	1	acme
acmés	acmé	P	es	2	1	acmes
acné	acné	O	e	2	1	acne
acnés	acné	P	es	2	1	acnes
adoquier	adoquier	O	er	3	1	adoquier
adultez	adultez	O	ez	3	1	adultez
adustez	adustez	O	ez	3	1	adustez
aerotrén	aerotrén	O	en	3	1	aerotren
afer	afer	O	er	2	1	afer
agacé	agacé	O	e	3	1	agace
agacés	agacé	P	es	3	1	agaces
agramontés	agramontés	O	es	4	1	agramontes
aguamiel	aguamiel	O	el	3	1	aguamiel
aguapié	aguapié	O	e	3	1	aguapie
aguapiés	aguapié	P	es	3	1	aguapies
aguapé	aguapé	O	e	3	1	aguape
aguapés	aguapé	P	es	3	1	aguapes
agudez	agudez	O	ez	3	1	agudez
ahes	ah	P	es	1	1	ahes
ahuehué	ahuehué	O	e	2	1	ahuehue
ahuehués	ahuehué	P	es	2	1	ahuehues
ahé	ahé	O	e	1	1	ahe
aité	aité	O	e	2	1	aite
aités	aité	P	es	2	1	aites
ajedrez	ajedrez	O	ez	3	1	ajedrez
ajimez	ajimez	O	ez	3	1	ajimez
ajonuez	ajonuez	O	ez	3	1	ajonuez
alacet	alacet	O	et	3	1	alacet
alamirré	alamirré	O	e	4	1	alamirre
alamirrés	alamirré	P	es	4	1	alamirres
alarguez	alarguez	O	ez	3	1	alarguez
alatés	alatés	O	es	3	1	alates
alavés	alavés	O	es	3	1	alaves
albanés	albanés	O	es	3	1	albanes
alcacel	alcacel	O	el	3	1	alcacel
alcacer	alcacer	O	er	3	1	alcacer
alcaller	alcaller	O	er	3	1	alcaller
alemanés	alemanés	O	es	4	1	alemanes
alfalfez	alfalfez	O	ez	3	1	alfalfez
alfilel	alfilel	O	el	3	1	alfilel
alfiler	alfiler	O	er	3	1	alfiler
algidez	algidez	O	ez	3	1	algidez
alhamel	alhamel	O	el	3	1	alhamel
alicer	alicer	O	er	3	1	alicer
alier	alier	O	er	2	1	alier
aljamel	aljamel	O	el	3	1	aljamel
aljez	aljez	O	ez	2	1	aljez
alludel	alludel	O	el	3	1	alludel
allén	allén	O	en	2	1	allen
almacén	almacén	O	en	3	1	almacen
almadén	almadén	O	en	3	1	almaden
almagacén	almagacén	O	en	4	1	almagacen
almez	almez	O	ez	2	1	almez
almirez	almirez	O	ez	3	1	almirez
almocadén	almocadén	O	en	4	1	almocaden
almofrej	almofrej	O	ej	3	1	almofrej
almofrez	almofrez	O	ez	3	1	almofrez
almotacén	almotacén	O	en	4	1	almotacen
almuedén	almuedén	O	en	3	1	almueden
almutacén	almutacén	O	en	4	1	almutacen
aloguer	aloguer	O	er	3	1	aloguer
alquez	alquez	O	ez	2	1	alquez
alquicel	alquicel	O	el	3	1	alquicel
alquicer	alquicer	O	er	3	1	alquicer
alquiler	alquiler	O	er	3	1	alquiler
alquilé	alquilé	O	e	3	1	alquile
alquilés	alquilé	P	es	3	1	alquiles
altanez	altanez	O	ez	3	1	altanez
altivez	altivez	O	ez	3	1	altivez
aludel	aludel	O	el	3	1	aludel
alzapié	alzapié	O	e	3	1	alzapie
alzapiés	alzapié	P	es	3	1	alzapies
amarillez	amarillez	O	ez	4	1	amarillez
ampurdanés	ampurdanés	O	es	4	1	ampurdanes
amén	amén	O	en	2	1	amen
anaquel	anaquel	O	el	3	1	anaquel
ancorel	ancorel	O	el	3	1	ancorel
andarivel	andarivel	O	el	4	1	andarivel
andel	andel	O	el	2	1	andel
andén	andén	O	en	2	1	anden
anteanteayer	anteanteayer	O	er	6	1	anteanteayer
anteantier	anteantier	O	er	4	1	anteantier
anteayer	anteayer	O	er	4	1	anteayer
antepié	antepié	O	e	3	1	antepie
antepiés	antepié	P	es	3	1	antepies
antier	antier	O	er	2	1	antier
apartotel	apartotel	O	el	4	1	apartotel
aprés	aprés	O	es	2	1	apres
aquel	aquel	O	el	2	1	aquel
aquél	aquél	O	el	2	1	aquel
aragonés	aragonés	O	es	4	1	aragones
arambel	arambel	O	el	3	1	arambel
arancel	arancel	O	el	3	1	arancel
aranés	aranés	O	es	3	1	aranes
arcén	arcén	O	en	2	1	arcen
arel	arel	O	el	2	1	arel
argamandel	argamandel	O	el	4	1	argamandel
arganel	arganel	O	el	3	1	arganel
argel	argel	O	el	2	1	argel
argent	argent	O	ent	2	1	argent
argentpel	argentpel	O	el	4	1	argentpel
argén	argén	O	en	2	1	argen
aridez	aridez	O	ez	3	1	aridez
arimez	arimez	O	ez	3	1	arimez
arnés	arnés	O	es	2	1	arnes
arragocés	arragocés	O	es	4	1	arragoces
arrastrapiés	arrastrapiés	O	es	4	1	arrastrapies
arricés	arricés	O	es	3	1	arrices
aster	aster	O	er	2	1	aster
asturleonés	asturleonés	O	es	5	1	asturleones
ateniés	ateniés	O	es	3	1	atenies
avampiés	avampiés	O	es	3	1	avampies
avantrén	avantrén	O	en	3	1	avantren
avidez	avidez	O	ez	3	1	avidez
avilantez	avilantez	O	ez	4	1	avilantez
avilés	avilés	O	es	3	1	aviles
aviñonés	aviñonés	O	es	4	1	avinones
ayalés	ayalés	O	es	3	1	ayales
ayer	ayer	O	er	2	1	ayer
aymé	aymé	O	e	2	1	ayme
aymés	aymé	P	es	2	1	aymes
añejez	añejez	O	ez	3	1	anejez
bes	b	P	es	1	0	bes
babatel	babatel	O	el	3	0	babatel
babel	babel	O	el	2	0	babel
bachiller	bachiller	O	er	3	0	bachiller
badalonés	badalonés	O	es	4	0	badalones
badén	badén	O	en	2	0	baden
baivel	baivel	O	el	2	0	baivel
bajel	bajel	O	el	2	0	bajel
bajez	bajez	O	ez	2	0	bajez
bajotraer	bajotraer	O	er	4	0	bajotraer
balché	balché	O	e	2	0	balche
balchés	balché	P	es	2	0	balches
baldrés	baldrés	O	es	2	0	baldres
baldés	baldés	O	es	2	0	baldes
ballener	ballener	O	er	3	0	ballener
ballet	ballet	O	et	2	0	ballet
balompié	balompié	O	e	3	0	balompie
balompiés	balompié	P	es	3	0	balompies
baracaldés	baracaldés	O	es	4	0	baracaldes
barcelonés	barcelonés	O	es	4	0	barcelones
barinés	barinés	O	es	3	0	barines
baritel	baritel	O	el	3	0	baritel
barrachel	barrachel	O	el	3	0	barrachel
basquet	basquet	O	et	2	0	basquet
batel	batel	O	el	2	0	batel
bauprés	bauprés	O	es	2	0	baupres
bayamés	bayamés	O	es	3	0	bayames
bayonés	bayonés	O	es	3	0	bayones
be	be	O	e	1	0	be
bes	be	P	es	1	0	bes
beamontés	beamontés	O	es	4	0	beamontes
bearnés	bearnés	O	es	3	0	bearnes
bebé	bebé	O	e	2	0	bebe
bebés	bebé	P	es	2	0	bebes
bechamel	bechamel	O	el	3	0	bechamel
bedel	bedel	O	el	2	0	bedel
bel	bel	O	el	1	0	bel
belez	belez	O	ez	2	0	belez
belén	belén	O	en	2	0	belen
ben	ben	O	en	1	0	ben
beodez	beodez	O	ez	3	0	beodez
bereber	bereber	O	er	3	0	bereber
berlinés	berlinés	O	es	3	0	berlines
bermejez	bermejez	O	ez	3	0	bermejez
bernés	bernés	O	es	2	0	bernes
bes	bes	O	es	1	0	bes
besamel	besamel	O	el	3	0	besamel
betabel	betabel	O	el	3	0	betabel
betel	betel	O	el	2	0	betel
beudez	beudez	O	ez	2	0	beudez
bidé	bidé	O	e	2	0	bide
bidés	bidé	P	es	2	0	bides
bien	bien	O	en	1	0	bien
bienfacer	bienfacer	O	er	3	0	bienfacer
bies	bies	O	es	1	0	bies
bisel	bisel	O	el	2	0	bisel
bisoñé	bisoñé	O	e	3	0	bisone
bisoñés	bisoñé	P	es	3	0	bisones
bistec	bistec	O	ec	2	0	bistec
bisté	bisté	O	e	2	0	biste
bistés	bisté	P	es	2	0	bistes
blazer	blazer	O	er	2	0	blazer
ble	ble	O	e	1	0	ble
bles	ble	P	es	1	0	bles
blister	blister	O	er	2	0	blister
blues	blues	O	es	1	0	blues
bobatel	bobatel	O	el	3	0	bobatel
bocel	bocel	O	el	2	0	bocel
bollén	bollén	O	en	2	0	bollen
boloñés	boloñés	O	es	3	0	bolones
bombé	bombé	O	e	2	0	bombe
bombés	bombé	P	es	2	0	bombes
bordelés	bordelés	O	es	3	0	bordeles
borgoñés	borgoñés	O	es	3	0	borgones
borrachez	borrachez	O	ez	3	0	borrachez
borrén	borrén	O	en	2	0	borren
borundés	borundés	O	es	3	0	borundes
botarel	botarel	O	el	3	0	botarel
botiller	botiller	O	er	3	0	botiller
bravonel	bravonel	O	el	3	0	bravonel
bren	bren	O	en	1	0	bren
brigadier	brigadier	O	er	3	0	brigadier
brillantez	brillantez	O	ez	3	0	brillantez
brillanté	brillanté	O	e	3	0	brillante
brillantés	brillanté	P	es	3	0	brillantes
brocatel	brocatel	O	el	3	0	brocatel
broquel	broquel	O	el	2	0	broquel
brujez	brujez	O	ez	2	0	brujez
brutez	brutez	O	ez	2	0	brutez
buen	buen	O	en	1	0	buen
bufé	bufé	O	e	2	0	bufe
bufés	bufé	P	es	2	0	bufes
bujier	bujier	O	er	2	0	bujier
bulldozer	bulldozer	O	er	3	0	bulldozer
bumangués	bumangués	O	es	3	0	bumangues
buqué	buqué	O	e	2	0	buque
buqués	buqué	P	es	2	0	buques
burdel	burdel	O	el	2	0	burdel
burel	burel	O	el	2	0	burel
burgalés	burgalés	O	es	3	0	burgales
burgués	burgués	O	es	2	0	burgues
burgés	burgés	O	es	2	0	burges
buriel	buriel	O	el	2	0	buriel
burrez	burrez	O	ez	2	0	burrez
burriel	burriel	O	el	2	0	burriel
buscapié	buscapié	O	e	3	0	buscapie
buscapiés	buscapié	P	es	3	0	buscapies
buscapiés	buscapiés	O	es	3	0	buscapies
busier	busier	O	er	2	0	busier
bué	bué	O	e	1	0	bue
bués	bué	P	es	1	0	bues
ces	c	P	es	1	0	ces
cabaré	cabaré	O	e	3	0	cabare
cabarés	cabaré	P	es	3	0	cabares
cabriolé	cabriolé	O	e	3	0	cabriole
cabriolés	cabriolé	P	es	3	0	cabrioles
caburé	caburé	O	e	3	0	cabure
caburés	caburé	P	es	3	0	cabures
cachiquel	cachiquel	O	el	3	0	cachiquel
cachondez	cachondez	O	ez	3	0	cachondez
cachondiez	cachondiez	O	ez	3	0	cachondiez
cachumbambé	cachumbambé	O	e	4	0	cachumbambe
cachumbambés	cachumbambé	P	es	4	0	cachumbambes
caché	caché	O	e	2	0	cache
cachés	caché	P	es	2	0	caches
caduquez	caduquez	O	ez	3	0	caduquez
café	café	O	e	2	0	cafe
cafés	café	P	es	2	0	cafes
caicobé	caicobé	O	e	3	0	caicobe
caicobés	caicobé	P	es	3	0	caicobes
cairel	cairel	O	el	2	0	cairel
cajel	cajel	O	el	2	0	cajel
cakchiquel	cakchiquel	O	el	3	0	cakchiquel
calabrés	calabrés	O	es	3	0	calabres
calapé	calapé	O	e	3	0	calape
calapés	calapé	P	es	3	0	calapes
calañés	calañés	O	es	3	0	calanes
calcés	calcés	O	es	2	0	calces
caldén	caldén	O	en	2	0	calden
calidez	calidez	O	ez	3	0	calidez
calientapiés	calientapiés	O	es	4	0	calientapies
calomel	calomel	O	el	3	0	calomel
calvez	calvez	O	ez	2	0	calvez
calé	calé	O	e	2	0	cale
calés	calé	P	es	2	0	cales
calés	calés	O	es	2	0	cales
camembert	camembert	O	ert	3	0	camembert
campiñés	campiñés	O	es	3	0	campines
campés	campés	O	es	2	0	campes
canapé	canapé	O	e	3	0	canape
canapés	canapé	P	es	3	0	canapes
cancel	cancel	O	el	2	0	cancel
canceller	canceller	O	er	3	0	canceller
canciller	canciller	O	er	3	0	canciller
candidez	candidez	O	ez	3	0	candidez
candiel	candiel	O	el	2	0	candiel
canez	canez	O	ez	2	0	canez
caninez	caninez	O	ez	3	0	caninez
canistel	canistel	O	el	3	0	canistel
canquén	canquén	O	en	2	0	canquen
cantel	cantel	O	el	2	0	cantel
cané	cané	O	e	2	0	cane
canés	cané	P	es	2	0	canes
capel	capel	O	el	2	0	capel
capiller	capiller	O	er	3	0	capiller
capitel	capitel	O	el	3	0	capitel
capitoné	capitoné	O	e	4	0	capitone
capitonés	capitoné	P	es	4	0	capitones
caramanchel	caramanchel	O	el	4	0	caramanchel
caramel	caramel	O	el	3	0	caramel
carel	carel	O	el	2	0	carel
carmel	carmel	O	el	2	0	carmel
carné	carné	O	e	2	0	carne
carnés	carné	P	es	2	0	carnes
carpanel	carpanel	O	el	3	0	carpanel
carretel	carretel	O	el	3	0	carretel
carriel	carriel	O	el	2	0	carriel
carrusel	carrusel	O	el	3	0	carrusel
cartaginés	cartaginés	O	es	4	0	cartagines
cartapel	cartapel	O	el	3	0	cartapel
cartel	cartel	O	el	2	0	cartel
cartoné	cartoné	O	e	3	0	cartone
cartonés	cartoné	P	es	3	0	cartones
cascabel	cascabel	O	el	3	0	cascabel
cascué	cascué	O	e	2	0	cascue
cascués	cascué	P	es	2	0	cascues
casiller	casiller	O	er	3	0	casiller
castel	castel	O	el	2	0	castel
castellanoleonés	castellanoleonés	O	es	7	0	castellanoleones
caucel	caucel	O	el	2	0	caucel
cauquén	cauquén	O	en	2	0	cauquen
cayetés	cayetés	O	es	3	0	cayetes
cañamiel	cañamiel	O	el	3	0	canamiel
ce	ce	O	e	1	0	ce
ces	ce	P	es	1	0	ces
cegajez	cegajez	O	ez	3	0	cegajez
centén	centén	O	en	2	0	centen
ceporrez	ceporrez	O	ez	3	0	ceporrez
ceprén	ceprén	O	en	2	0	cepren
cerapez	cerapez	O	ez	3	0	cerapez
cercén	cercén	O	en	2	0	cercen
ceromiel	ceromiel	O	el	3	0	ceromiel
cesenés	cesenés	O	es	3	0	cesenes
ches	ch	P	es	1	0	ches
chalet	chalet	O	et	2	0	chalet
chalé	chalé	O	e	2	0	chale
chalés	chalé	P	es	2	0	chales
chambel	chambel	O	el	2	0	chambel
chanciller	chanciller	O	er	3	0	chanciller
chapel	chapel	O	el	2	0	chapel
chapitel	chapitel	O	el	3	0	chapitel
chaqué	chaqué	O	e	2	0	chaque
chaqués	chaqué	P	es	2	0	chaques
che	che	O	e	1	0	che
ches	che	P	es	1	0	ches
chef	chef	O	ef	1	0	chef
chequén	chequén	O	en	2	0	chequen
cherlicrés	cherlicrés	O	es	3	0	cherlicres
chicalé	chicalé	O	e	3	0	chicale
chicalés	chicalé	P	es	3	0	chicales
chimpancé	chimpancé	O	e	3	0	chimpance
chimpancés	chimpancé	P	es	3	0	chimpances
chincalé	chincalé	O	e	3	0	chincale
chincalés	chincalé	P	es	3	0	chincales
chinchel	chinchel	O	el	2	0	chinchel
chinchimén	chinchimén	O	en	3	0	chinchimen
chiné	chiné	O	e	2	0	chine
chinés	chiné	P	es	2	0	chines
chipé	chipé	O	e	2	0	chipe
chipés	chipé	P	es	2	0	chipes
chipén	chipén	O	en	2	0	chipen
chochez	chochez	O	ez	2	0	chochez
chofer	chofer	O	er	2	0	chofer
choped	choped	O	ed	2	0	choped
chulé	chulé	O	e	2	0	chule
chulés	chulé	P	es	2	0	chules
churumbel	churumbel	O	el	3	0	churumbel
chusquel	chusquel	O	el	2	0	chusquel
ciempiés	ciempiés	O	es	2	0	ciempies
cien	cien	O	en	1	0	cien
cientopiés	cientopiés	O	es	3	0	cientopies
cimbel	cimbel	O	el	2	0	cimbel
cincel	cincel	O	el	2	0	cincel
cincuentén	cincuentén	O	en	3	0	cincuenten
cingalés	cingalés	O	es	3	0	cingales
cinquén	cinquén	O	en	2	0	cinquen
cintrel	cintrel	O	el	2	0	cintrel
ciprés	ciprés	O	es	2	0	cipres
claqué	claqué	O	e	2	0	claque
claqués	claqué	P	es	2	0	claques
clavel	clavel	O	el	2	0	clavel
cliché	cliché	O	e	2	0	cliche
clichés	cliché	P	es	2	0	cliches
clistel	clistel	O	el	2	0	clistel
clister	clister	O	er	2	0	clister
clisé	clisé	O	e	2	0	clise
clisés	clisé	P	es	2	0	clises
clochel	clochel	O	el	2	0	clochel
cobez	cobez	O	ez	2	0	cobez
coctel	coctel	O	el	2	0	coctel
coihué	coihué	O	e	1	0	coihue
coihués	coihué	P	es	1	0	coihues
coiné	coiné	O	e	2	0	coine
coinés	coiné	P	es	2	0	coines
cojudez	cojudez	O	ez	3	0	cojudez
colapez	colapez	O	ez	3	0	colapez
combés	combés	O	es	2	0	combes
comején	comején	O	en	3	0	comejen
comité	comité	O	e	3	0	comite
comités	comité	P	es	3	0	comites
conceller	conceller	O	er	3	0	conceller
confalonier	confalonier	O	er	4	0	confalonier
confer	confer	O	er	2	0	confer
congolés	congolés	O	es	3	0	congoles
conjuez	conjuez	O	ez	2	0	conjuez
conqué	conqué	O	e	2	0	conque
conqués	conqué	P	es	2	0	conques
consomé	consomé	O	e	3	0	consome
consomés	consomé	P	es	3	0	consomes
contrapié	contrapié	O	e	3	0	contrapie
contrapiés	contrapié	P	es	3	0	contrapies
copec	copec	O	ec	2	0	copec
copé	copé	O	e	2	0	cope
copés	copé	P	es	2	0	copes
corcel	corcel	O	el	2	0	corcel
corcolén	corcolén	O	en	3	0	corcolen
cordel	cordel	O	el	2	0	cordel
cordobés	cordobés	O	es	3	0	cordobes
corondel	corondel	O	el	3	0	corondel
coronel	coronel	O	el	3	0	coronel
correjel	correjel	O	el	3	0	correjel
corsé	corsé	O	e	2	0	corse
corsés	corsé	P	es	2	0	corses
cortapapel	cortapapel	O	el	4	0	cortapapel
cortapiés	cortapiés	O	es	3	0	cortapies
cortés	cortés	O	es	2	0	cortes
coruñés	coruñés	O	es	3	0	corunes
cospel	cospel	O	el	2	0	cospel
costiller	costiller	O	er	3	0	costiller
cremonés	cremonés	O	es	3	0	cremones
crep	crep	O	ep	1	0	crep
crepé	crepé	O	e	2	0	crepe
crepés	crepé	P	es	2	0	crepes
crequeté	crequeté	O	e	3	0	crequete
crequetés	crequeté	P	es	3	0	crequetes
cristel	cristel	O	el	2	0	cristel
cristofué	cristofué	O	e	3	0	cristofue
cristofués	cristofué	P	es	3	0	cristofues
crochel	crochel	O	el	2	0	crochel
croché	croché	O	e	2	0	croche
crochés	croché	P	es	2	0	croches
cruel	cruel	O	el	1	0	cruel
crupier	crupier	O	er	2	0	crupier
cualesquier	cualesquier	O	er	3	0	cualesquier
cualquier	cualquier	O	er	2	0	cualquier
cuarentén	cuarentén	O	en	3	0	cuarenten
cuartel	cuartel	O	el	2	0	cuartel
cubrecorsé	cubrecorsé	O	e	4	0	cubrecorse
cubrecorsés	cubrecorsé	P	es	4	0	cubrecorses
cuché	cuché	O	e	2	0	cuche
cuchés	cuché	P	es	2	0	cuches
cuitadez	cuitadez	O	ez	3	0	cuitadez
culén	culén	O	en	2	0	culen
cumanés	cumanés	O	es	3	0	cumanes
cumbé	cumbé	O	e	2	0	cumbe
cumbés	cumbé	P	es	2	0	cumbes
cundinamarqués	cundinamarqués	O	es	5	0	cundinamarques
cupitel	cupitel	O	el	3	0	cupitel
cuplé	cuplé	O	e	2	0	cuple
cuplés	cuplé	P	es	2	0	cuples
cupé	cupé	O	e	2	0	cupe
cupés	cupé	P	es	2	0	cupes
curiel	curiel	O	el	2	0	curiel
curlandés	curlandés	O	es	3	0	curlandes
cusubé	cusubé	O	e	3	0	cusube
cusubés	cusubé	P	es	3	0	cusubes
cutrez	cutrez	O	ez	2	0	cutrez
cuyamel	cuyamel	O	el	3	0	cuyamel
danés	danés	O	es	2	0	danes
de	de	O	e	1	0	de
des	de	P	es	1	0	des
decibel	decibel	O	el	3	0	decibel
decitex	decitex	O	ex	3	0	decitex
dejadez	dejadez	O	ez	3	0	dejadez
del	del	O	el	1	0	del
delasolré	delasolré	O	e	4	0	delasolre
delasolrés	delasolré	P	es	4	0	delasolres
delgadez	delgadez	O	ez	3	0	delgadez
delicadez	delicadez	O	ez	4	0	delicadez
derechez	derechez	O	ez	3	0	derechez
des	des	O	es	1	0	des
descalcez	descalcez	O	ez	3	0	descalcez
descortés	descortés	O	es	3	0	descortes
desdel	desdel	O	el	2	0	desdel
desdén	desdén	O	en	2	0	desden
desend	desend	O	end	2	0	desend
desfachatez	desfachatez	O	ez	4	0	desfachatez
deshabillé	deshabillé	O	e	4	0	deshabille
deshabillés	deshabillé	P	es	4	0	deshabilles
desinterés	desinterés	O	es	4	0	desinteres
desnivel	desnivel	O	el	3	0	desnivel
desnudez	desnudez	O	ez	3	0	desnudez
despotiquez	despotiquez	O	ez	4	0	despotiquez
desprez	desprez	O	ez	2	0	desprez
después	después	O	es	2	0	despues
destez	destez	O	ez	2	0	destez
diasén	diasén	O	en	2	0	diasen
diez	diez	O	ez	1	0	diez
dinamarqués	dinamarqués	O	es	4	0	dinamarques
dintel	dintel	O	el	2	0	dintel
diostedé	diostedé	O	e	3	0	diostede
diostedés	diostedé	P	es	3	0	diostedes
dirhem	dirhem	O	em	2	0	dirhem
disfrez	disfrez	O	ez	2	0	disfrez
doblez	doblez	O	ez	2	0	doblez
domestiquez	domestiquez	O	ez	4	0	domestiquez
doncel	doncel	O	el	2	0	doncel
doncellez	doncellez	O	ez	3	0	doncellez
doquier	doquier	O	er	2	0	doquier
dosel	dosel	O	el	2	0	dosel
dossier	dossier	O	er	2	0	dossier
durangués	durangués	O	es	3	0	durangues
dé	dé	O	e	1	0	de
dés	dé	P	es	1	0	des
dél	dél	O	el	1	0	del
démodé	démodé	O	e	3	0	demode
démodés	démodé	P	es	3	0	demodes
e	e	O	e	1	1	e
es	e	P	es	1	1	es
ecarté	ecarté	O	e	3	1	ecarte
ecartés	ecarté	P	es	3	1	ecartes
edén	edén	O	en	2	1	eden
eh	eh	O	eh	1	1	eh
ehes	eh	P	es	1	1	ehes
eibarrés	eibarrés	O	es	3	1	eibarres
ejem	ejem	O	em	2	1	ejem
el	el	O	el	1	1	el
elepé	elepé	O	e	3	1	elepe
elepés	elepé	P	es	3	1	elepes
elé	elé	O	e	2	1	ele
elés	elé	P	es	2	1	eles
embriaguez	embriaguez	O	ez	3	1	embriaguez
en	en	O	en	1	1	en
endeblez	endeblez	O	ez	3	1	endeblez
endespués	endespués	O	es	3	1	endespues
enjutez	enjutez	O	ez	3	1	enjutez
enterez	enterez	O	ez	3	1	enterez
entremés	entremés	O	es	3	1	entremes
entrés	entrés	O	es	2	1	entres
envés	envés	O	es	2	1	enves
erg	erg	O	erg	1	1	erg
erguén	erguén	O	en	2	1	erguen
esbeltez	esbeltez	O	ez	3	1	esbeltez
escabel	escabel	O	el	3	1	escabel
escamel	escamel	O	el	3	1	escamel
escasez	escasez	O	ez	3	1	escasez
escobén	escobén	O	en	3	1	escoben
escocés	escocés	O	es	3	1	escoces
escualidez	escualidez	O	ez	4	1	escualidez
escuyer	escuyer	O	er	3	1	escuyer
espalder	espalder	O	er	3	1	espalder
esparavel	esparavel	O	el	4	1	esparavel
esparvel	esparvel	O	el	3	1	esparvel
esparver	esparver	O	er	3	1	esparver
espinapez	espinapez	O	ez	4	1	espinapez
espinel	espinel	O	el	3	1	espinel
esplendidez	esplendidez	O	ez	4	1	esplendidez
esquivez	esquivez	O	ez	3	1	esquivez
estellés	estellés	O	es	3	1	estelles
estiptiquez	estiptiquez	O	ez	4	1	estiptiquez
estitiquez	estitiquez	O	ez	4	1	estitiquez
estolidez	estolidez	O	ez	4	1	estolidez
estrechez	estrechez	O	ez	3	1	estrechez
estrictez	estrictez	O	ez	3	1	estrictez
estrés	estrés	O	es	2	1	estres
estupidez	estupidez	O	ez	4	1	estupidez
et	et	O	et	1	1	et
etiquez	etiquez	O	ez	3	1	etiquez
evohé	evohé	O	e	3	1	evohe
evohés	evohé	P	es	3	1	evohes
ex	ex	O	ex	1	1	ex
exotiquez	exotiquez	O	ez	4	1	exotiquez
exprés	exprés	O	es	2	1	expres
exquisitez	exquisitez	O	ez	4	1	exquisitez
extrañez	extrañez	O	ez	3	1	extranez
él	él	O	el	1	1	el
fes	f	P	es	1	0	fes
fardel	fardel	O	el	2	0	fardel
fe	fe	O	e	1	0	fe
fes	fe	P	es	1	0	fes
feligrés	feligrés	O	es	3	0	feligres
ferrarés	ferrarés	O	es	3	0	ferrares
fetidez	fetidez	O	ez	3	0	fetidez
fetén	fetén	O	en	2	0	feten
fez	fez	O	ez	1	0	fez
fiel	fiel	O	el	1	0	fiel
finlandés	finlandés	O	es	3	0	finlandes
finés	finés	O	es	2	0	fines
flaccidez	flaccidez	O	ez	3	0	flaccidez
flacidez	flacidez	O	ez	3	0	flacidez
flojel	flojel	O	el	2	0	flojel
floridez	floridez	O	ez	3	0	floridez
fluidez	fluidez	O	ez	2	0	fluidez
fornel	fornel	O	el	2	0	fornel
foxterrier	foxterrier	O	er	3	0	foxterrier
francocuartel	francocuartel	O	el	4	0	francocuartel
francés	francés	O	es	2	0	frances
frez	frez	O	ez	1	0	frez
fricasé	fricasé	O	e	3	0	fricase
fricasés	fricasé	P	es	3	0	fricases
frigidez	frigidez	O	ez	3	0	frigidez
frutier	frutier	O	er	2	0	frutier
fuel	fuel	O	el	1	0	fuel
fuer	fuer	O	er	1	0	fuer
fuet	fuet	O	et	1	0	fuet
fumarel	fumarel	O	el	3	0	fumarel
furriel	furriel	O	el	2	0	furriel
furrier	furrier	O	er	2	0	furrier
ges	g	P	es	1	0	ges
gacel	gacel	O	el	2	0	gacel
gaché	gaché	O	e	2	0	gache
gachés	gaché	P	es	2	0	gaches
galaicoportugués	galaicoportugués	O	es	6	0	galaicoportugues
gallegoportugués	gallegoportugués	O	es	6	0	gallegoportugues
galés	galés	O	es	2	0	gales
gantés	gantés	O	es	2	0	gantes
garniel	garniel	O	el	2	0	garniel
gasconés	gasconés	O	es	3	0	gascones
ge	ge	O	e	1	0	ge
ges	ge	P	es	1	0	ges
gel	gel	O	el	1	0	gel
gen	gen	O	en	1	0	gen
genovés	genovés	O	es	3	0	genoves
gigantez	gigantez	O	ez	3	0	gigantez
gijonés	gijonés	O	es	3	0	gijones
gilbert	gilbert	O	ert	2	0	gilbert
gilipollez	gilipollez	O	ez	4	0	gilipollez
ginebrés	ginebrés	O	es	3	0	ginebres
ginovés	ginovés	O	es	3	0	ginoves
giroflé	giroflé	O	e	3	0	girofle
giroflés	giroflé	P	es	3	0	girofles
gironés	gironés	O	es	3	0	girones
glasé	glasé	O	e	2	0	glase
glasés	glasé	P	es	2	0	glases
gobén	gobén	O	en	2	0	goben
gomel	gomel	O	el	2	0	gomel
gomer	gomer	O	er	2	0	gomer
gonfalonier	gonfalonier	O	er	4	0	gonfalonier
gospel	gospel	O	el	2	0	gospel
gotelé	gotelé	O	e	3	0	gotele
gotelés	gotelé	P	es	3	0	goteles
gourmet	gourmet	O	et	2	0	gourmet
grancé	grancé	O	e	2	0	grance
grancés	grancé	P	es	2	0	grances
grandez	grandez	O	ez	2	0	grandez
granel	granel	O	el	2	0	granel
gratén	gratén	O	en	2	0	graten
gravidez	gravidez	O	ez	3	0	gravidez
grefier	grefier	O	er	2	0	grefier
gres	gres	O	es	1	0	gres
groenlandés	groenlandés	O	es	4	0	groenlandes
grosez	grosez	O	ez	2	0	grosez
gruyer	gruyer	O	er	2	0	gruyer
guadarnés	guadarnés	O	es	3	0	guadarnes
guadianés	guadianés	O	es	3	0	guadianes
guardalmacén	guardalmacén	O	en	4	0	guardalmacen
guardamangel	guardamangel	O	el	4	0	guardamangel
guardamangier	guardamangier	O	er	4	0	guardamangier
guardamujer	guardamujer	O	er	4	0	guardamujer
guardapiés	guardapiés	O	es	3	0	guardapies
guardés	guardés	O	es	2	0	guardes
guarniel	guarniel	O	el	2	0	guarniel
guarén	guarén	O	en	2	0	guaren
guayanés	guayanés	O	es	3	0	guayanes
guienés	guienés	O	es	2	0	guienes
guinaldés	guinaldés	O	es	3	0	guinaldes
güeldrés	güeldrés	O	es	2	0	güeldres
hes	h	P	es	1	1	hes
hamburgués	hamburgués	O	es	3	1	hamburgues
hamez	hamez	O	ez	2	1	hamez
harambel	harambel	O	el	3	1	harambel
harem	harem	O	em	2	1	harem
harén	harén	O	en	2	1	haren
he	he	O	e	1	1	he
hebén	hebén	O	en	2	1	heben
hectiquez	hectiquez	O	ez	3	1	hectiquez
hediondez	hediondez	O	ez	3	1	hediondez
henequén	henequén	O	en	3	1	henequen
herrén	herrén	O	en	2	1	herren
hertz	hertz	O	hertz	2	1	hertz
hetiquez	hetiquez	O	ez	3	1	hetiquez
hez	hez	O	ez	1	1	hez
hibernés	hibernés	O	es	3	0	hibernes
hidalguez	hidalguez	O	ez	3	0	hidalguez
hidromel	hidromel	O	el	3	0	hidromel
hidromiel	hidromiel	O	el	3	0	hidromiel
hiel	hiel	O	el	1	0	hiel
hincapié	hincapié	O	e	3	0	hincapie
hincapiés	hincapié	P	es	3	0	hincapies
holandés	holandés	O	es	3	1	holandes
honradez	honradez	O	ez	3	1	honradez
horridez	horridez	O	ez	3	1	horridez
hotel	hotel	O	el	2	1	hotel
hujier	hujier	O	er	2	1	hujier
iceberg	iceberg	O	erg	3	1	iceberg
idiotez	idiotez	O	ez	3	1	idiotez
impavidez	impavidez	O	ez	4	1	impavidez
indianés	indianés	O	es	3	1	indianes
indostanés	indostanés	O	es	4	1	indostanes
infiel	infiel	O	el	2	1	infiel
inglés	inglés	O	es	2	1	ingles
ingravidez	ingravidez	O	ez	4	1	ingravidez
inmadurez	inmadurez	O	ez	4	1	inmadurez
inmediatez	inmediatez	O	ez	4	1	inmediatez
insensatez	insensatez	O	ez	4	1	insensatez
insipidez	insipidez	O	ez	4	1	insipidez
insulsez	insulsez	O	ez	3	1	insulsez
inter	inter	O	er	2	1	inter
interés	interés	O	es	3	1	interes
intrepidez	intrepidez	O	ez	4	1	intrepidez
invalidez	invalidez	O	ez	4	1	invalidez
irlandés	irlandés	O	es	3	1	irlandes
iroqués	iroqués	O	es	3	1	iroques
irunés	irunés	O	es	3	1	irunes
irupé	irupé	O	e	3	1	irupe
irupés	irupé	P	es	3	1	irupes
islandés	islandés	O	es	3	1	islandes
jes	j	P	es	1	0	jes
jaenés	jaenés	O	es	3	0	jaenes
jaez	jaez	O	ez	2	0	jaez
jaguareté	jaguareté	O	e	4	0	jaguarete
jaguaretés	jaguareté	P	es	4	0	jaguaretes
jagüel	jagüel	O	el	2	0	jagüel
japonés	japonés	O	es	3	0	japones
jaquel	jaquel	O	el	2	0	jaquel
jaqué	jaqué	O	e	2	0	jaque
jaqués	jaqué	P	es	2	0	jaques
jaqués	jaqués	O	es	2	0	jaques
jarrer	jarrer	O	er	2	0	jarrer
jativés	jativés	O	es	3	0	jatives
javanés	javanés	O	es	3	0	javanes
jaén	jaén	O	en	2	0	jaen
je	je	O	e	1	0	je
jes	je	P	es	1	0	jes
jején	jején	O	en	2	0	jejen
jeniquén	jeniquén	O	en	3	0	jeniquen
jerez	jerez	O	ez	2	0	jerez
jet	jet	O	et	1	0	jet
jiné	jiné	O	e	2	0	jine
jinés	jiné	P	es	2	0	jines
jirel	jirel	O	el	2	0	jirel
jiroflé	jiroflé	O	e	3	0	jirofle
jiroflés	jiroflé	P	es	3	0	jirofles
jopé	jopé	O	e	2	0	jope
jopés	jopé	P	es	2	0	jopes
josé	josé	O	e	2	0	jose
josés	josé	P	es	2	0	joses
joyel	joyel	O	el	2	0	joyel
juez	juez	O	ez	1	0	juez
jurel	jurel	O	el	2	0	jurel
kes	k	P	es	1	0	kes
kermés	kermés	O	es	2	0	kermes
kilotex	kilotex	O	ex	3	0	kilotex
koiné	koiné	O	e	2	0	koine
koinés	koiné	P	es	2	0	koines
kopek	kopek	O	ek	2	0	kopek
les	l	P	es	1	0	les
lairén	lairén	O	en	2	0	lairen
lambel	lambel	O	el	2	0	lambel
lamé	lamé	O	e	2	0	lame
lamés	lamé	P	es	2	0	lames
languidez	languidez	O	ez	3	0	languidez
laurel	laurel	O	el	2	0	laurel
le	le	O	e	1	0	le
les	le	P	es	1	0	les
lebrel	lebrel	O	el	2	0	lebrel
len	len	O	en	1	0	len
lendel	lendel	O	el	2	0	lendel
leonés	leonés	O	es	3	0	leones
lerdez	lerdez	O	ez	2	0	lerdez
les	les	O	es	1	0	les
lev	lev	O	eb	1	0	lev
libanés	libanés	O	es	3	0	libanes
ligerez	ligerez	O	ez	3	0	ligerez
limpidez	limpidez	O	ez	3	0	limpidez
lindel	lindel	O	el	2	0	lindel
linier	linier	O	er	2	0	linier
lintel	lintel	O	el	2	0	lintel
lionés	lionés	O	es	2	0	liones
liquidez	liquidez	O	ez	3	0	liquidez
lisbonés	lisbonés	O	es	3	0	lisbones
listel	listel	O	el	2	0	listel
lividez	lividez	O	ez	3	0	lividez
lles	ll	P	es	1	0	lles
llantén	llantén	O	en	2	0	llanten
lle	lle	O	e	1	0	lle
lles	lle	P	es	1	0	lles
llenez	llenez	O	ez	2	0	llenez
lobreguez	lobreguez	O	ez	3	0	lobreguez
logroñés	logroñés	O	es	3	0	logrones
loguer	loguer	O	er	2	0	loguer
lorenés	lorenés	O	es	3	0	lorenes
lucemburgués	lucemburgués	O	es	4	0	lucemburgues
lucenés	lucenés	O	es	3	0	lucenes
lucidez	lucidez	O	ez	3	0	lucidez
lucifer	lucifer	O	er	3	0	lucifer
lugués	lugués	O	es	2	0	lugues
lunel	lunel	O	el	2	0	lunel
luqués	luqués	O	es	2	0	luques
luxemburgués	luxemburgués	O	es	4	0	luxemburgues
mes	m	P	es	1	0	mes
macaurel	macaurel	O	el	3	0	macaurel
macicez	macicez	O	ez	3	0	macicez
macramé	macramé	O	e	3	0	macrame
macramés	macramé	P	es	3	0	macrames
madurez	madurez	O	ez	3	0	madurez
magacén	magacén	O	en	3	0	magacen
magancés	magancés	O	es	3	0	magances
maganel	maganel	O	el	3	0	maganel
magrez	magrez	O	ez	2	0	magrez
maguer	maguer	O	er	2	0	maguer
magué	magué	O	e	2	0	mague
magués	magué	P	es	2	0	magues
mahonés	mahonés	O	es	3	0	mahones
mainel	mainel	O	el	2	0	mainel
maitén	maitén	O	en	2	0	maiten
majzén	majzén	O	en	2	0	majzen
malagués	malagués	O	es	3	0	malagues
malamujer	malamujer	O	er	4	0	malamujer
malavez	malavez	O	ez	3	0	malavez
malavés	malavés	O	es	3	0	malaves
malcriadez	malcriadez	O	ez	3	0	malcriadez
maltés	maltés	O	es	2	0	maltes
manager	manager	O	er	3	0	manager
mancebez	mancebez	O	ez	3	0	mancebez
mantel	mantel	O	el	2	0	mantel
mantés	mantés	O	es	2	0	mantes
marchapié	marchapié	O	e	3	0	marchapie
marchapiés	marchapié	P	es	3	0	marchapies
marchitez	marchitez	O	ez	3	0	marchitez
marqués	marqués	O	es	2	0	marques
marsellés	marsellés	O	es	3	0	marselles
mataronés	mataronés	O	es	4	0	matarones
matidez	matidez	O	ez	3	0	matidez
matiné	matiné	O	e	3	0	matine
matinés	matiné	P	es	3	0	matines
maturinés	maturinés	O	es	4	0	maturines
matusalén	matusalén	O	en	4	0	matusalen
maxwell	maxwell	O	ell	2	0	maxwell
me	me	O	e	1	0	me
mes	me	P	es	1	0	mes
medinés	medinés	O	es	3	0	medines
mediopié	mediopié	O	e	3	0	mediopie
mediopiés	mediopié	P	es	3	0	mediopies
meguez	meguez	O	ez	2	0	meguez
memez	memez	O	ez	2	0	memez
mendiguez	mendiguez	O	ez	3	0	mendiguez
menester	menester	O	er	3	0	menester
mentecatez	mentecatez	O	ez	4	0	mentecatez
menés	menés	O	es	2	0	menes
mercader	mercader	O	er	3	0	mercader
merced	merced	O	ed	2	0	merced
mes	mes	O	es	1	0	mes
mester	mester	O	er	2	0	mester
micer	micer	O	er	2	0	micer
micuré	micuré	O	e	3	0	micure
micurés	micuré	P	es	3	0	micures
miel	miel	O	el	1	0	miel
mies	mies	O	es	1	0	mies
milanés	milanés	O	es	3	0	milanes
milpiés	milpiés	O	es	2	0	milpies
minusvalidez	minusvalidez	O	ez	5	0	minusvalidez
minué	minué	O	e	2	0	minue
minués	minué	P	es	2	0	minues
mirabel	mirabel	O	el	3	0	mirabel
mirandés	mirandés	O	es	3	0	mirandes
moaré	moaré	O	e	3	0	moare
moarés	moaré	P	es	3	0	moares
modem	modem	O	em	2	0	modem
modenés	modenés	O	es	3	0	modenes
moer	moer	O	er	2	0	moer
moisés	moisés	O	es	2	0	moises
mojel	mojel	O	el	2	0	mojel
mojigatez	mojigatez	O	ez	4	0	mojigatez
molinés	molinés	O	es	3	0	molines
mollez	mollez	O	ez	2	0	mollez
monorriel	monorriel	O	el	3	0	monorriel
montañés	montañés	O	es	3	0	montanes
montés	montés	O	es	2	0	montes
morbidez	morbidez	O	ez	3	0	morbidez
morenez	morenez	O	ez	3	0	morenez
morlés	morlés	O	es	2	0	morles
moscatel	moscatel	O	el	3	0	moscatel
mostén	mostén	O	en	2	0	mosten
mosén	mosén	O	en	2	0	mosen
motel	motel	O	el	2	0	motel
muaré	muaré	O	e	2	0	muare
muarés	muaré	P	es	2	0	muares
muchachez	muchachez	O	ez	3	0	muchachez
mudez	mudez	O	ez	2	0	mudez
muer	muer	O	er	1	0	muer
mujer	mujer	O	er	2	0	mujer
muniqués	muniqués	O	es	3	0	muniques
murviedrés	murviedrés	O	es	3	0	murviedres
mué	mué	O	e	1	0	mue
mués	mué	P	es	1	0	mues
nancer	nancer	O	er	2	0	nancer
narbonés	narbonés	O	es	3	0	narbones
naucher	naucher	O	er	2	0	naucher
navarroaragonés	navarroaragonés	O	es	7	0	navarroaragones
ne	ne	O	e	1	0	ne
nes	ne	P	es	1	0	nes
nebel	nebel	O	el	2	0	nebel
neceser	neceser	O	er	3	0	neceser
neerlandés	neerlandés	O	es	4	0	neerlandes
nen	nen	O	en	1	0	nen
nené	nené	O	e	2	0	nene
nenés	nené	P	es	2	0	nenes
neoleonés	neoleonés	O	es	5	0	neoleones
neozelandés	neozelandés	O	es	5	0	neozelandes
nepalés	nepalés	O	es	3	0	nepales
niel	niel	O	el	1	0	niel
nitidez	nitidez	O	ez	3	0	nitidez
nivel	nivel	O	el	2	0	nivel
niñez	niñez	O	ez	2	0	ninez
nomparell	nomparell	O	ell	3	0	nomparell
norirlandés	norirlandés	O	es	4	0	norirlandes
novel	novel	O	el	2	0	novel
novén	novén	O	en	2	0	noven
nuevoleonés	nuevoleonés	O	es	5	0	nuevoleones
nuez	nuez	O	ez	1	0	nuez
ñes	ñ	P	es	1	0	nes
ñangué	ñangué	O	e	2	0	nangue
ñangués	ñangué	P	es	2	0	nangues
ñoñez	ñoñez	O	ez	2	0	nonez
obué	obué	O	e	2	1	obue
obués	obué	P	es	2	1	obues
ochosén	ochosén	O	en	3	1	ochosen
oersted	oersted	O	ed	3	1	oersted
offset	offset	O	et	3	1	offset
ohes	oh	P	es	1	1	ohes
ojimel	ojimel	O	el	3	1	ojimel
ojimiel	ojimiel	O	el	3	1	ojimiel
ojén	ojén	O	en	2	1	ojen
olé	olé	O	e	2	1	ole
olés	olé	P	es	2	1	oles
oncogén	oncogén	O	en	3	1	oncogen
oranés	oranés	O	es	3	1	oranes
ordinariez	ordinariez	O	ez	4	1	ordinariez
orfrés	orfrés	O	es	2	1	orfres
orifrés	orifrés	O	es	3	1	orifres
oripié	oripié	O	e	3	1	oripie
oripiés	oripié	P	es	3	1	oripies
oriundez	oriundez	O	ez	3	1	oriundez
oropel	oropel	O	el	3	1	oropel
oximel	oximel	O	el	3	1	oximel
oximiel	oximiel	O	el	3	1	oximiel
pes	p	P	es	1	0	pes
padronés	padronés	O	es	3	0	padrones
pagaré	pagaré	O	e	3	0	pagare
pagarés	pagaré	P	es	3	0	pagares
pagel	pagel	O	el	2	0	pagel
painel	painel	O	el	2	0	painel
pajarel	pajarel	O	el	3	0	pajarel
pajel	pajel	O	el	2	0	pajel
palabrimujer	palabrimujer	O	er	5	0	palabrimujer
palafrén	palafrén	O	en	3	0	palafren
palhuén	palhuén	O	en	2	0	palhuen
palidez	palidez	O	ez	3	0	palidez
palier	palier	O	er	2	0	palier
palmarés	palmarés	O	es	3	0	palmares
palpallén	palpallén	O	en	3	0	palpallen
palé	palé	O	e	2	0	pale
palés	palé	P	es	2	0	pales
pamplonés	pamplonés	O	es	3	0	pamplones
panaché	panaché	O	e	3	0	panache
panachés	panaché	P	es	3	0	panaches
panatier	panatier	O	er	3	0	panatier
panel	panel	O	el	2	0	panel
panqué	panqué	O	e	2	0	panque
panqués	panqué	P	es	2	0	panques
papel	papel	O	el	2	0	papel
parabién	parabién	O	en	3	0	parabien
pardiez	pardiez	O	ez	2	0	pardiez
pared	pared	O	ed	2	0	pared
parel	parel	O	el	2	0	parel
paripé	paripé	O	e	3	0	paripe
paripés	paripé	P	es	3	0	paripes
parisién	parisién	O	en	3	0	parisien
parné	parné	O	e	2	0	parne
parnés	parné	P	es	2	0	parnes
parqué	parqué	O	e	2	0	parque
parqués	parqué	P	es	2	0	parques
parrel	parrel	O	el	2	0	parrel
parsec	parsec	O	ec	2	0	parsec
parvulez	parvulez	O	ez	3	0	parvulez
pasapurés	pasapurés	O	es	4	0	pasapures
paspié	paspié	O	e	2	0	paspie
paspiés	paspié	P	es	2	0	paspies
pastel	pastel	O	el	2	0	pastel
paté	paté	O	e	2	0	pate
patés	paté	P	es	2	0	pates
pavés	pavés	O	es	2	0	paves
payanés	payanés	O	es	3	0	payanes
payé	payé	O	e	2	0	paye
payés	payé	P	es	2	0	payes
payés	payés	O	es	2	0	payes
pe	pe	O	e	1	0	pe
pes	pe	P	es	1	0	pes
pedrés	pedrés	O	es	2	0	pedres
pehuén	pehuén	O	en	2	0	pehuen
pejemuller	pejemuller	O	er	4	0	pejemuller
peladez	peladez	O	ez	3	0	peladez
pensel	pensel	O	el	2	0	pensel
pensier	pensier	O	er	2	0	pensier
pentecostés	pentecostés	O	es	4	0	pentecostes
pequeñez	pequeñez	O	ez	3	0	pequenez
pequeñoburgués	pequeñoburgués	O	es	5	0	pequenoburgues
pequinés	pequinés	O	es	3	0	pequines
pequén	pequén	O	en	2	0	pequen
per	per	O	er	1	0	per
perchel	perchel	O	el	2	0	perchel
perenquén	perenquén	O	en	3	0	perenquen
periné	periné	O	e	3	0	perine
perinés	periné	P	es	3	0	perines
perlé	perlé	O	e	2	0	perle
perlés	perlé	P	es	2	0	perles
perojimén	perojimén	O	en	4	0	perojimen
peroné	peroné	O	e	3	0	perone
peronés	peroné	P	es	3	0	perones
perpiñanés	perpiñanés	O	es	4	0	perpinanes
perqué	perqué	O	e	2	0	perque
perqués	perqué	P	es	2	0	perques
pesabebés	pesabebés	O	es	4	0	pesabebes
pesadez	pesadez	O	ez	3	0	pesadez
pesantez	pesantez	O	ez	3	0	pesantez
petrel	petrel	O	el	2	0	petrel
pez	pez	O	ez	1	0	pez
piamontés	piamontés	O	es	3	0	piamontes
pichel	pichel	O	el	2	0	pichel
pichihuén	pichihuén	O	en	2	0	pichihuen
pidén	pidén	O	en	2	0	piden
pie	pie	O	e	1	0	pie
pies	pie	P	es	1	0	pies
piel	piel	O	el	1	0	piel
pilpilén	pilpilén	O	en	3	0	pilpilen
pilvén	pilvén	O	en	2	0	pilven
pincel	pincel	O	el	2	0	pincel
pinrel	pinrel	O	el	2	0	pinrel
piolet	piolet	O	et	2	0	piolet
piqué	piqué	O	e	2	0	pique
piqués	piqué	P	es	2	0	piques
pirquén	pirquén	O	en	2	0	pirquen
pitihué	pitihué	O	e	2	0	pitihue
pitihués	pitihué	P	es	2	0	pitihues
pitipié	pitipié	O	e	3	0	pitipie
pitipiés	pitipié	P	es	3	0	pitipies
piuquén	piuquén	O	en	2	0	piuquen
pixel	pixel	O	el	2	0	pixel
piñén	piñén	O	en	2	0	pinen
placel	placel	O	el	2	0	placel
placidez	placidez	O	ez	3	0	placidez
plantel	plantel	O	el	2	0	plantel
plaqué	plaqué	O	e	2	0	plaque
plaqués	plaqué	P	es	2	0	plaques
platel	platel	O	el	2	0	platel
ple	ple	O	e	1	0	ple
ples	ple	P	es	1	0	ples
plebeyez	plebeyez	O	ez	3	0	plebeyez
pleités	pleités	O	es	2	0	pleites
plumier	plumier	O	er	2	0	plumier
pollez	pollez	O	ez	2	0	pollez
polonés	polonés	O	es	3	0	polones
pontevedrés	pontevedrés	O	es	4	0	pontevedres
popel	popel	O	el	2	0	popel
popés	popés	O	es	2	0	popes
porcel	porcel	O	el	2	0	porcel
porqué	porqué	O	e	2	0	porque
porqués	porqué	P	es	2	0	porques
portabebés	portabebés	O	es	4	0	portabebes
portier	portier	O	er	2	0	portier
portugalés	portugalés	O	es	4	0	portugales
portugués	portugués	O	es	3	0	portugues
postrer	postrer	O	er	2	0	postrer
postrimer	postrimer	O	er	3	0	postrimer
potajier	potajier	O	er	3	0	potajier
praliné	praliné	O	e	3	0	praline
pralinés	praliné	P	es	3	0	pralines
pre	pre	O	e	1	0	pre
pres	pre	P	es	1	0	pres
prest	prest	O	est	1	0	prest
prez	prez	O	ez	1	0	prez
preñez	preñez	O	ez	2	0	prenez
primer	primer	O	er	2	0	primer
proel	proel	O	el	2	0	proel
pudibundez	pudibundez	O	ez	4	0	pudibundez
pues	pues	O	es	1	0	pues
pujés	pujés	O	es	2	0	pujes
pulidez	pulidez	O	ez	3	0	pulidez
pullés	pullés	O	es	2	0	pulles
puntapié	puntapié	O	e	3	0	puntapie
puntapiés	puntapié	P	es	3	0	puntapies
puntel	puntel	O	el	2	0	puntel
puré	puré	O	e	2	0	pure
purés	puré	P	es	2	0	pures
putridez	putridez	O	ez	3	0	putridez
qes	q	P	es	1	0	qes
que	que	O	e	1	0	que
quehacer	quehacer	O	er	3	0	quehacer
quelenquelén	quelenquelén	O	en	4	0	quelenquelen
queltehué	queltehué	O	e	3	0	queltehue
queltehués	queltehué	P	es	3	0	queltehues
quequier	quequier	O	er	2	0	quequier
quermés	quermés	O	es	2	0	quermes
querosén	querosén	O	en	3	0	querosen
quesiqués	quesiqués	O	es	3	0	quesiques
quiché	quiché	O	e	2	0	quiche
quichés	quiché	P	es	2	0	quiches
quien	quien	O	en	1	0	quien
quienquier	quienquier	O	er	2	0	quienquier
quier	quier	O	er	1	0	quier
quinchihué	quinchihué	O	e	2	0	quinchihue
quinchihués	quinchihué	P	es	2	0	quinchihues
quinqué	quinqué	O	e	2	0	quinque
quinqués	quinqué	P	es	2	0	quinques
qué	qué	O	e	1	0	que
qués	qué	P	es	1	0	ques
res	r	P	es	1	0	res
rabel	rabel	O	el	2	0	rabel
racel	racel	O	el	2	0	racel
rafez	rafez	O	ez	2	0	rafez
rahez	rahez	O	ez	2	0	rahez
rancidez	rancidez	O	ez	3	0	rancidez
ranquel	ranquel	O	el	2	0	ranquel
rapapiés	rapapiés	O	es	3	0	rapapies
rapidez	rapidez	O	ez	3	0	rapidez
rapé	rapé	O	e	2	0	rape
rapés	rapé	P	es	2	0	rapes
rasel	rasel	O	el	2	0	rasel
rastel	rastel	O	el	2	0	rastel
rastrel	rastrel	O	el	2	0	rastrel
ravenés	ravenés	O	es	3	0	ravenes
re	re	O	e	1	0	re
res	re	P	es	1	0	res
recel	recel	O	el	2	0	recel
recién	recién	O	en	2	0	recien
reconditez	reconditez	O	ez	4	0	reconditez
red	red	O	ed	1	0	red
redel	redel	O	el	2	0	redel
rediez	rediez	O	ez	2	0	rediez
redondel	redondel	O	el	3	0	redondel
redondez	redondez	O	ez	3	0	redondez
refez	refez	O	ez	2	0	refez
rehén	rehén	O	en	2	0	rehen
relej	relej	O	ej	2	0	relej
relé	relé	O	e	2	0	rele
relés	relé	P	es	2	0	reles
remanguillé	remanguillé	O	e	4	0	remanguille
remanguillés	remanguillé	P	es	4	0	remanguilles
remiel	remiel	O	el	2	0	remiel
repipiez	repipiez	O	ez	3	0	repipiez
reposapiés	reposapiés	O	es	4	0	reposapies
reps	reps	O	eps	1	0	reps
requetebién	requetebién	O	en	4	0	requetebien
requeté	requeté	O	e	3	0	requete
requetés	requeté	P	es	3	0	requetes
res	res	O	es	1	0	res
retel	retel	O	el	2	0	retel
retraher	retraher	O	er	3	0	retraher
retropié	retropié	O	e	3	0	retropie
retropiés	retropié	P	es	3	0	retropies
retén	retén	O	en	2	0	reten
revés	revés	O	es	2	0	reves
ridiculez	ridiculez	O	ez	4	0	ridiculez
riel	riel	O	el	1	0	riel
rigidez	rigidez	O	ez	3	0	rigidez
ristrel	ristrel	O	el	2	0	ristrel
roanés	roanés	O	es	3	0	roanes
robustez	robustez	O	ez	3	0	robustez
rochelés	rochelés	O	es	3	0	rocheles
rodapié	rodapié	O	e	3	0	rodapie
rodapiés	rodapié	P	es	3	0	rodapies
rodomiel	rodomiel	O	el	3	0	rodomiel
roel	roel	O	el	2	0	roel
rojez	rojez	O	ez	2	0	rojez
roncalés	roncalés	O	es	3	0	roncales
rondel	rondel	O	el	2	0	rondel
ronquez	ronquez	O	ez	2	0	ronquez
roqués	roqués	O	es	2	0	roques
rosellonés	rosellonés	O	es	4	0	rosellones
rosicler	rosicler	O	er	3	0	rosicler
rotundez	rotundez	O	ez	3	0	rotundez
rotundidez	rotundidez	O	ez	4	0	rotundidez
ruanés	ruanés	O	es	2	0	ruanes
rubicundez	rubicundez	O	ez	4	0	rubicundez
rubiel	rubiel	O	el	2	0	rubiel
rulé	rulé	O	e	2	0	rule
rulés	rulé	P	es	2	0	rules
rundel	rundel	O	el	2	0	rundel
rusel	rusel	O	el	2	0	rusel
rustiquez	rustiquez	O	ez	3	0	rustiquez
rutel	rutel	O	el	2	0	rutel
sabihondez	sabihondez	O	ez	3	0	sabihondez
sabiondez	sabiondez	O	ez	3	0	sabiondez
saguaipé	saguaipé	O	e	3	0	saguaipe
saguaipés	saguaipé	P	es	3	0	saguaipes
salamanqués	salamanqués	O	es	4	0	salamanques
salep	salep	O	ep	2	0	salep
salmer	salmer	O	er	2	0	salmer
saltarel	saltarel	O	el	3	0	saltarel
saltarén	saltarén	O	en	3	0	saltaren
salvajez	salvajez	O	ez	3	0	salvajez
sanabrés	sanabrés	O	es	3	0	sanabres
sandez	sandez	O	ez	2	0	sandez
sandialahuén	sandialahuén	O	en	4	0	sandialahuen
sansirolé	sansirolé	O	e	4	0	sansirole
sansirolés	sansirolé	P	es	4	0	sansiroles
santiagués	santiagués	O	es	3	0	santiagues
santiamén	santiamén	O	en	3	0	santiamen
santoñés	santoñés	O	es	3	0	santones
sapidez	sapidez	O	ez	3	0	sapidez
sardanés	sardanés	O	es	3	0	sardanes
sardinel	sardinel	O	el	3	0	sardinel
sartén	sartén	O	en	2	0	sarten
satén	satén	O	en	2	0	saten
sausier	sausier	O	er	2	0	sausier
sayagués	sayagués	O	es	3	0	sayagues
scooter	scooter	O	er	4	0	scooter
se	se	O	e	1	0	se
ses	se	P	es	1	0	ses
sebestén	sebestén	O	en	3	0	sebesten
secreter	secreter	O	er	3	0	secreter
sed	sed	O	ed	1	0	sed
seer	seer	O	er	2	0	seer
seisén	seisén	O	en	2	0	seisen
sel	sel	O	el	1	0	sel
selvatiquez	selvatiquez	O	ez	4	0	selvatiquez
sen	sen	O	en	1	0	sen
sencillez	sencillez	O	ez	3	0	sencillez
senegalés	senegalés	O	es	4	0	senegales
sensatez	sensatez	O	ez	3	0	sensatez
serasquier	serasquier	O	er	3	0	serasquier
ses	ses	O	es	1	0	ses
sesentén	sesentén	O	en	3	0	sesenten
sesudez	sesudez	O	ez	3	0	sesudez
sesén	sesén	O	en	2	0	sesen
set	set	O	et	1	0	set
siamés	siamés	O	es	2	0	siames
sien	sien	O	en	1	0	sien
sievert	sievert	O	ert	2	0	sievert
sifué	sifué	O	e	2	0	sifue
sifués	sifué	P	es	2	0	sifues
singalés	singalés	O	es	3	0	singales
siquier	siquier	O	er	2	0	siquier
sirventés	sirventés	O	es	3	0	sirventes
sobrejuez	sobrejuez	O	ez	3	0	sobrejuez
sobrepié	sobrepié	O	e	3	0	sobrepie
sobrepiés	sobrepié	P	es	3	0	sobrepies
socarrén	socarrén	O	en	3	0	socarren
soez	soez	O	ez	2	0	soez
sofistiquez	sofistiquez	O	ez	4	0	sofistiquez
solidez	solidez	O	ez	3	0	solidez
solén	solén	O	en	2	0	solen
somatén	somatén	O	en	3	0	somaten
somier	somier	O	er	2	0	somier
sopié	sopié	O	e	2	0	sopie
sopiés	sopié	P	es	2	0	sopies
sordez	sordez	O	ez	2	0	sordez
sordidez	sordidez	O	ez	3	0	sordidez
sordomudez	sordomudez	O	ez	4	0	sordomudez
sostén	sostén	O	en	2	0	sosten
sotuer	sotuer	O	er	2	0	sotuer
soufflé	soufflé	O	e	2	0	souffle
soufflés	soufflé	P	es	2	0	souffles
soviet	soviet	O	et	2	0	soviet
subrigadier	subrigadier	O	er	4	0	subrigadier
sudanés	sudanés	O	es	3	0	sudanes
sumiller	sumiller	O	er	3	0	sumiller
tes	t	P	es	1	0	tes
tael	tael	O	el	2	0	tael
tailandés	tailandés	O	es	3	0	tailandes
taled	taled	O	ed	2	0	taled
taller	taller	O	er	2	0	taller
talvez	talvez	O	ez	2	0	talvez
también	también	O	en	2	0	tambien
tapapiés	tapapiés	O	es	3	0	tapapies
taqué	taqué	O	e	2	0	taque
taqués	taqué	P	es	2	0	taques
taropé	taropé	O	e	3	0	tarope
taropés	taropé	P	es	3	0	taropes
tartamudez	tartamudez	O	ez	4	0	tartamudez
tataré	tataré	O	e	3	0	tatare
tatarés	tataré	P	es	3	0	tatares
taujel	taujel	O	el	2	0	taujel
te	te	O	e	1	0	te
tes	te	P	es	1	0	tes
templén	templén	O	en	2	0	templen
ten	ten	O	en	1	0	ten
tendel	tendel	O	el	2	0	tendel
tentempié	tentempié	O	e	3	0	tentempie
tentempiés	tentempié	P	es	3	0	tentempies
tepeaqués	tepeaqués	O	es	4	0	tepeaques
ter	ter	O	er	1	0	ter
tercer	tercer	O	er	2	0	tercer
tereré	tereré	O	e	3	0	terere
tererés	tereré	P	es	3	0	tereres
ternez	ternez	O	ez	2	0	ternez
terraplén	terraplén	O	en	3	0	terraplen
terriblez	terriblez	O	ez	3	0	terriblez
test	test	O	est	1	0	test
testarudez	testarudez	O	ez	4	0	testarudez
tex	tex	O	ex	1	0	tex
tez	tez	O	ez	1	0	tez
timidez	timidez	O	ez	3	0	timidez
timonel	timonel	O	el	3	0	timonel
tirantez	tirantez	O	ez	3	0	tirantez
tirapié	tirapié	O	e	3	0	tirapie
tirapiés	tirapié	P	es	3	0	tirapies
tirolés	tirolés	O	es	3	0	tiroles
tolonés	tolonés	O	es	3	0	tolones
tonel	tonel	O	el	2	0	tonel
toriondez	toriondez	O	ez	3	0	toriondez
tornés	tornés	O	es	2	0	tornes
torrancés	torrancés	O	es	3	0	torrances
torrontés	torrontés	O	es	3	0	torrontes
tortel	tortel	O	el	2	0	tortel
torés	torés	O	es	2	0	tores
tozudez	tozudez	O	ez	3	0	tozudez
tralhuén	tralhuén	O	en	2	0	tralhuen
translucidez	translucidez	O	ez	4	0	translucidez
trasanteayer	trasanteayer	O	er	5	0	trasanteayer
trasantier	trasantier	O	er	3	0	trasantier
traspié	traspié	O	e	2	0	traspie
traspiés	traspié	P	es	2	0	traspies
través	través	O	es	2	0	traves
trechel	trechel	O	el	2	0	trechel
trecén	trecén	O	en	2	0	trecen
tremés	tremés	O	es	2	0	tremes
tren	tren	O	en	1	0	tren
tres	tres	O	es	1	0	tres
trojel	trojel	O	el	2	0	trojel
tropel	tropel	O	el	2	0	tropel
troquel	troquel	O	el	2	0	troquel
trué	trué	O	e	1	0	true
trués	trué	P	es	1	0	trues
tuareg	tuareg	O	eg	2	0	tuareg
tudel	tudel	O	el	2	0	tudel
tullidez	tullidez	O	ez	3	0	tullidez
tupidez	tupidez	O	ez	3	0	tupidez
tupé	tupé	O	e	2	0	tupe
tupés	tupé	P	es	2	0	tupes
turbidez	turbidez	O	ez	3	0	turbidez
turmequé	turmequé	O	e	3	0	turmeque
turmequés	turmequé	P	es	3	0	turmeques
turqués	turqués	O	es	2	0	turques
turulés	turulés	O	es	3	0	turules
tutiplén	tutiplén	O	en	3	0	tutiplen
té	té	O	e	1	0	te
tés	té	P	es	1	0	tes
uced	uced	O	ed	2	1	uced
ucé	ucé	O	e	2	1	uce
ucés	ucé	P	es	2	1	uces
ugrofinés	ugrofinés	O	es	4	1	ugrofines
uhes	uh	P	es	1	1	uhes
ujier	ujier	O	er	2	1	ujier
unisex	unisex	O	ex	3	1	unisex
usarced	usarced	O	ed	3	1	usarced
usarcé	usarcé	O	e	3	1	usarce
usarcés	usarcé	P	es	3	1	usarces
usier	usier	O	er	2	1	usier
usted	usted	O	ed	2	1	usted
uñoperquén	uñoperquén	O	en	4	1	unoperquen
ves	v	P	es	1	0	ves
vaivén	vaivén	O	en	2	0	vaiven
validez	validez	O	ez	3	0	validez
varietés	varietés	O	es	3	0	varietes
vascofrancés	vascofrancés	O	es	4	0	vascofrances
ve	ve	O	e	1	0	ve
ves	ve	P	es	1	0	ves
veguer	veguer	O	er	2	0	veguer
veimarés	veimarés	O	es	3	0	veimares
veinticuatrén	veinticuatrén	O	en	4	0	veinticuatren
veintitrés	veintitrés	O	es	3	0	veintitres
veintén	veintén	O	en	2	0	veinten
vejez	vejez	O	ez	2	0	vejez
velmez	velmez	O	ez	2	0	velmez
ventifarel	ventifarel	O	el	4	0	ventifarel
venustez	venustez	O	ez	3	0	venustez
verdel	verdel	O	el	2	0	verdel
vergel	vergel	O	el	2	0	vergel
vergé	vergé	O	e	2	0	verge
vergés	vergé	P	es	2	0	verges
veronés	veronés	O	es	3	0	verones
verriondez	verriondez	O	ez	3	0	verriondez
vetustez	vetustez	O	ez	3	0	vetustez
vez	vez	O	ez	1	0	vez
vicecanciller	vicecanciller	O	er	5	0	vicecanciller
vienés	vienés	O	es	2	0	vienes
vigués	vigués	O	es	2	0	vigues
virulé	virulé	O	e	3	0	virule
virulés	virulé	P	es	3	0	virules
viudez	viudez	O	ez	2	0	viudez
vivez	vivez	O	ez	2	0	vivez
voacé	voacé	O	e	3	0	voace
voacés	voacé	P	es	3	0	voaces
volapié	volapié	O	e	3	0	volapie
volapiés	volapié	P	es	3	0	volapies
vomitel	vomitel	O	el	3	0	vomitel
vuelapié	vuelapié	O	e	3	0	vuelapie
vuelapiés	vuelapié	P	es	3	0	vuelapies
vuesarced	vuesarced	O	ed	3	0	vuesarced
vusted	vusted	O	ed	2	0	vusted
wes	w	P	es	1	0	wes
weber	weber	O	er	2	0	weber
weimarés	weimarés	O	es	3	0	weimares
xes	x	P	es	1	0	xes
yes	y	P	es	1	0	yes
yacaré	yacaré	O	e	3	0	yacare
yacarés	yacaré	P	es	3	0	yacares
yaguané	yaguané	O	e	3	0	yaguane
yaguanés	yaguané	P	es	3	0	yaguanes
yaguareté	yaguareté	O	e	4	0	yaguarete
yaguaretés	yaguareté	P	es	4	0	yaguaretes
yaguré	yaguré	O	e	3	0	yagure
yagurés	yaguré	P	es	3	0	yagures
yangüés	yangüés	O	es	2	0	yangües
yaqué	yaqué	O	e	2	0	yaque
yaqués	yaqué	P	es	2	0	yaques
ye	ye	O	e	1	0	ye
yes	ye	P	es	1	0	yes
yen	yen	O	en	1	0	yen
yuré	yuré	O	e	2	0	yure
yurés	yuré	P	es	2	0	yures
ces	z	P	es	1	0	ces
zahén	zahén	O	en	2	0	zahen
zalamelé	zalamelé	O	e	4	0	zalamele
zalamelés	zalamelé	P	es	4	0	zalameles
zarapatel	zarapatel	O	el	4	0	zarapatel
zarpanel	zarpanel	O	el	3	0	zarpanel
zelandés	zelandés	O	es	3	0	zelandes
zen	zen	O	en	1	0	zen
zoster	zoster	O	er	2	0	zoster
zumbel	zumbel	O	el	2	0	zumbel
abarrer	abarrer	O	er	3	1	abarrer
abastecer	abastecer	O	er	4	1	abastecer
ablandecer	ablandecer	O	er	4	1	ablandecer
aborrecer	aborrecer	O	er	4	1	aborrecer
abravecer	abravecer	O	er	4	1	abravecer
absconder	absconder	O	er	3	1	absconder
absolver	absolver	O	er	3	1	absolver
absorber	absorber	O	er	3	1	absorber
abstener	abstener	O	er	3	1	abstener
absterger	absterger	O	er	3	1	absterger
abstraer	abstraer	O	er	3	1	abstraer
acaecer	acaecer	O	er	4	1	acaecer
acceder	acceder	O	er	3	1	acceder
acender	acender	O	er	3	1	acender
aclarecer	aclarecer	O	er	4	1	aclarecer
acoger	acoger	O	er	3	1	acoger
acometer	acometer	O	er	4	1	acometer
acontecer	acontecer	O	er	4	1	acontecer
acorrer	acorrer	O	er	3	1	acorrer
acrecer	acrecer	O	er	3	1	acrecer
acreer	acreer	O	er	3	1	acreer
adherecer	adherecer	O	er	4	1	adherecer
adolecer	adolecer	O	er	4	1	adolecer
adonecer	adonecer	O	er	4	1	adonecer
adormecer	adormecer	O	er	4	1	adormecer
adsorber	adsorber	O	er	3	1	adsorber
afacer	afacer	O	er	3	1	afacer
afeblecer	afeblecer	O	er	4	1	afeblecer
aflaquecer	aflaquecer	O	er	4	1	aflaquecer
agradecer	agradecer	O	er	4	1	agradecer
alborecer	alborecer	O	er	4	1	alborecer
alobreguecer	alobreguecer	O	er	5	1	alobreguecer
aloquecer	aloquecer	O	er	4	1	aloquecer
altivecer	altivecer	O	er	4	1	altivecer
amanecer	amanecer	O	er	4	1	amanecer
amarecer	amarecer	O	er	4	1	amarecer
amarillecer	amarillecer	O	er	5	1	amarillecer
amodorrecer	amodorrecer	O	er	5	1	amodorrecer
amohecer	amohecer	O	er	4	1	amohecer
amollecer	amollecer	O	er	4	1	amollecer
amorecer	amorecer	O	er	4	1	amorecer
amortecer	amortecer	O	er	4	1	amortecer
amover	amover	O	er	3	1	amover
anochecer	anochecer	O	er	4	1	anochecer
anteceder	anteceder	O	er	4	1	anteceder
antecoger	antecoger	O	er	4	1	antecoger
anteponer	anteponer	O	er	4	1	anteponer
antever	antever	O	er	3	1	antever
apacer	apacer	O	er	3	1	apacer
aparecer	aparecer	O	er	4	1	aparecer
apetecer	apetecer	O	er	4	1	apetecer
aplacer	aplacer	O	er	3	1	aplacer
aponer	aponer	O	er	3	1	aponer
aprehender	aprehender	O	er	4	1	aprehender
aprender	aprender	O	er	3	1	aprender
aprometer	aprometer	O	er	4	1	aprometer
aprovecer	aprovecer	O	er	4	1	aprovecer
arbolecer	arbolecer	O	er	4	1	arbolecer
arborecer	arborecer	O	er	4	1	arborecer
arder	arder	O	er	2	1	arder
arecer	arecer	O	er	3	1	arecer
aridecer	aridecer	O	er	4	1	aridecer
arremeter	arremeter	O	er	4	1	arremeter
arrevolver	arrevolver	O	er	4	1	arrevolver
arromper	arromper	O	er	3	1	arromper
ascender	ascender	O	er	3	1	ascender
asconder	asconder	O	er	3	1	asconder
asperger	asperger	O	er	3	1	asperger
atardecer	atardecer	O	er	4	1	atardecer
atañer	atañer	O	er	3	1	ataner
atender	atender	O	er	3	1	atender
atener	atener	O	er	3	1	atener
aterecer	aterecer	O	er	4	1	aterecer
atontecer	atontecer	O	er	4	1	atontecer
atorcer	atorcer	O	er	3	1	atorcer
atordecer	atordecer	O	er	4	1	atordecer
atraer	atraer	O	er	3	1	atraer
atrever	atrever	O	er	3	1	atrever
avanecer	avanecer	O	er	4	1	avanecer
barrer	barrer	O	er	2	0	barrer
bastecer	bastecer	O	er	3	0	bastecer
beber	beber	O	er	2	0	beber
bermejecer	bermejecer	O	er	4	0	bermejecer
bienquerer	bienquerer	O	er	3	0	bienquerer
blanquecer	blanquecer	O	er	3	0	blanquecer
bollecer	bollecer	O	er	3	0	bollecer
caber	caber	O	er	2	0	caber
caer	caer	O	er	2	0	caer
caler	caler	O	er	2	0	caler
calumbrecer	calumbrecer	O	er	4	0	calumbrecer
canecer	canecer	O	er	3	0	canecer
captener	captener	O	er	3	0	captener
carcomer	carcomer	O	er	3	0	carcomer
carecer	carecer	O	er	3	0	carecer
ceder	ceder	O	er	2	0	ceder
cerner	cerner	O	er	2	0	cerner
clarecer	clarecer	O	er	3	0	clarecer
cocer	cocer	O	er	2	0	cocer
coercer	coercer	O	er	3	0	coercer
coextender	coextender	O	er	4	0	coextender
coger	coger	O	er	2	0	coger
cognocer	cognocer	O	er	3	0	cognocer
cohonder	cohonder	O	er	3	0	cohonder
colicuecer	colicuecer	O	er	4	0	colicuecer
comalecer	comalecer	O	er	4	0	comalecer
comer	comer	O	er	2	0	comer
cometer	cometer	O	er	3	0	cometer
compadecer	compadecer	O	er	4	0	compadecer
comparecer	comparecer	O	er	4	0	comparecer
compeler	compeler	O	er	3	0	compeler
competer	competer	O	er	3	0	competer
complacer	complacer	O	er	3	0	complacer
componer	componer	O	er	3	0	componer
comprehender	comprehender	O	er	4	0	comprehender
comprender	comprender	O	er	3	0	comprender
comprometer	comprometer	O	er	4	0	comprometer
conceder	conceder	O	er	3	0	conceder
concomer	concomer	O	er	3	0	concomer
condescender	condescender	O	er	4	0	condescender
condolecer	condolecer	O	er	4	0	condolecer
condoler	condoler	O	er	3	0	condoler
conmover	conmover	O	er	3	0	conmover
conocer	conocer	O	er	3	0	conocer
contecer	contecer	O	er	3	0	contecer
contender	contender	O	er	3	0	contender
contener	contener	O	er	3	0	contener
contorcer	contorcer	O	er	3	0	contorcer
contraer	contraer	O	er	3	0	contraer
contrafacer	contrafacer	O	er	4	0	contrafacer
contrahacer	contrahacer	O	er	4	0	contrahacer
contraponer	contraponer	O	er	4	0	contraponer
contremecer	contremecer	O	er	4	0	contremecer
convalecer	convalecer	O	er	4	0	convalecer
convencer	convencer	O	er	3	0	convencer
converger	converger	O	er	3	0	converger
correr	correr	O	er	2	0	correr
corresponder	corresponder	O	er	4	0	corresponder
corroer	corroer	O	er	3	0	corroer
corromper	corromper	O	er	3	0	corromper
coser	coser	O	er	2	0	coser
crecer	crecer	O	er	2	0	crecer
creer	creer	O	er	2	0	creer
creyer	creyer	O	er	2	0	creyer
deber	deber	O	er	2	0	deber
decaer	decaer	O	er	3	0	decaer
decender	decender	O	er	3	0	decender
decorrer	decorrer	O	er	3	0	decorrer
decrecer	decrecer	O	er	3	0	decrecer
defender	defender	O	er	3	0	defender
dehender	dehender	O	er	3	0	dehender
demoler	demoler	O	er	3	0	demoler
denegrecer	denegrecer	O	er	4	0	denegrecer
dentecer	dentecer	O	er	3	0	dentecer
dentrotraer	dentrotraer	O	er	4	0	dentrotraer
depender	depender	O	er	3	0	depender
deponer	deponer	O	er	3	0	deponer
deprehender	deprehender	O	er	4	0	deprehender
deprender	deprender	O	er	3	0	deprender
derromper	derromper	O	er	3	0	derromper
desabastecer	desabastecer	O	er	5	0	desabastecer
desadormecer	desadormecer	O	er	5	0	desadormecer
desagradecer	desagradecer	O	er	5	0	desagradecer
desaparecer	desaparecer	O	er	5	0	desaparecer
desaprender	desaprender	O	er	4	0	desaprender
desarrevolver	desarrevolver	O	er	5	0	desarrevolver
desatender	desatender	O	er	4	0	desatender
desatraer	desatraer	O	er	4	0	desatraer
desbeber	desbeber	O	er	3	0	desbeber
desbravecer	desbravecer	O	er	4	0	desbravecer
descaecer	descaecer	O	er	4	0	descaecer
descaer	descaer	O	er	3	0	descaer
descender	descender	O	er	3	0	descender
descocer	descocer	O	er	3	0	descocer
descoger	descoger	O	er	3	0	descoger
descomer	descomer	O	er	3	0	descomer
descomponer	descomponer	O	er	4	0	descomponer
desconocer	desconocer	O	er	4	0	desconocer
descorrer	descorrer	O	er	3	0	descorrer
descoser	descoser	O	er	3	0	descoser
descrecer	descrecer	O	er	3	0	descrecer
descreer	descreer	O	er	3	0	descreer
desembebecer	desembebecer	O	er	5	0	desembebecer
desembravecer	desembravecer	O	er	5	0	desembravecer
desencarecer	desencarecer	O	er	5	0	desencarecer
desencoger	desencoger	O	er	4	0	desencoger
desenfurecer	desenfurecer	O	er	5	0	desenfurecer
desenmohecer	desenmohecer	O	er	5	0	desenmohecer
desenmudecer	desenmudecer	O	er	5	0	desenmudecer
desenrudecer	desenrudecer	O	er	5	0	desenrudecer
desensoberbecer	desensoberbecer	O	er	6	0	desensoberbecer
desentender	desentender	O	er	4	0	desentender
desentollecer	desentollecer	O	er	5	0	desentollecer
desentorpecer	desentorpecer	O	er	5	0	desentorpecer
desentumecer	desentumecer	O	er	5	0	desentumecer
desenvolver	desenvolver	O	er	4	0	desenvolver
desfacer	desfacer	O	er	3	0	desfacer
desfallecer	desfallecer	O	er	4	0	desfallecer
desfavorecer	desfavorecer	O	er	5	0	desfavorecer
desflaquecer	desflaquecer	O	er	4	0	desflaquecer
desflorecer	desflorecer	O	er	4	0	desflorecer
desfortalecer	desfortalecer	O	er	5	0	desfortalecer
desguarnecer	desguarnecer	O	er	4	0	desguarnecer
deshacer	deshacer	O	er	3	0	deshacer
deshumedecer	deshumedecer	O	er	5	0	deshumedecer
desimponer	desimponer	O	er	4	0	desimponer
desmerecer	desmerecer	O	er	4	0	desmerecer
desmoler	desmoler	O	er	3	0	desmoler
desmorecer	desmorecer	O	er	4	0	desmorecer
desnoblecer	desnoblecer	O	er	4	0	desnoblecer
desobedecer	desobedecer	O	er	5	0	desobedecer
desparecer	desparecer	O	er	4	0	desparecer
despender	despender	O	er	3	0	despender
desperecer	desperecer	O	er	4	0	desperecer
desplacer	desplacer	O	er	3	0	desplacer
desponer	desponer	O	er	3	0	desponer
desposeer	desposeer	O	er	4	0	desposeer
desprender	desprender	O	er	3	0	desprender
desproteger	desproteger	O	er	4	0	desproteger
desproveer	desproveer	O	er	4	0	desproveer
desquerer	desquerer	O	er	3	0	desquerer
destejer	destejer	O	er	3	0	destejer
destorcer	destorcer	O	er	3	0	destorcer
destoser	destoser	O	er	3	0	destoser
destullecer	destullecer	O	er	4	0	destullecer
desvanecer	desvanecer	O	er	4	0	desvanecer
desvolver	desvolver	O	er	3	0	desvolver
detener	detener	O	er	3	0	detener
deterger	deterger	O	er	3	0	deterger
detraer	detraer	O	er	3	0	detraer
devolver	devolver	O	er	3	0	devolver
devover	devover	O	er	3	0	devover
diferecer	diferecer	O	er	4	0	diferecer
difinecer	difinecer	O	er	4	0	difinecer
diminuecer	diminuecer	O	er	4	0	diminuecer
discerner	discerner	O	er	3	0	discerner
disolver	disolver	O	er	3	0	disolver
displacer	displacer	O	er	3	0	displacer
disponer	disponer	O	er	3	0	disponer
distender	distender	O	er	3	0	distender
distraer	distraer	O	er	3	0	distraer
doler	doler	O	er	2	0	doler
eflorecer	eflorecer	O	er	4	1	eflorecer
ejercer	ejercer	O	er	3	1	ejercer
embarbecer	embarbecer	O	er	4	1	embarbecer
embarnecer	embarnecer	O	er	4	1	embarnecer
embastecer	embastecer	O	er	4	1	embastecer
embebecer	embebecer	O	er	4	1	embebecer
embeber	embeber	O	er	3	1	embeber
embellaquecer	embellaquecer	O	er	5	1	embellaquecer
embellecer	embellecer	O	er	4	1	embellecer
embermejecer	embermejecer	O	er	5	1	embermejecer
emblandecer	emblandecer	O	er	4	1	emblandecer
emblanquecer	emblanquecer	O	er	4	1	emblanquecer
embobecer	embobecer	O	er	4	1	embobecer
embosquecer	embosquecer	O	er	4	1	embosquecer
embravecer	embravecer	O	er	4	1	embravecer
embrutecer	embrutecer	O	er	4	1	embrutecer
emerger	emerger	O	er	3	1	emerger
empalidecer	empalidecer	O	er	5	1	empalidecer
empavorecer	empavorecer	O	er	5	1	empavorecer
empecer	empecer	O	er	3	1	empecer
empedecer	empedecer	O	er	4	1	empedecer
empedernecer	empedernecer	O	er	5	1	empedernecer
empeller	empeller	O	er	3	1	empeller
empequeñecer	empequeñecer	O	er	5	1	empequenecer
emplastecer	emplastecer	O	er	4	1	emplastecer
emplebeyecer	emplebeyecer	O	er	5	1	emplebeyecer
emplumecer	emplumecer	O	er	4	1	emplumecer
empobrecer	empobrecer	O	er	4	1	empobrecer
empodrecer	empodrecer	O	er	4	1	empodrecer
empoltronecer	empoltronecer	O	er	5	1	empoltronecer
emprender	emprender	O	er	3	1	emprender
empretecer	empretecer	O	er	4	1	empretecer
emputecer	emputecer	O	er	4	1	emputecer
enaltecer	enaltecer	O	er	4	1	enaltecer
enamarillecer	enamarillecer	O	er	6	1	enamarillecer
enardecer	enardecer	O	er	4	1	enardecer
encabellecer	encabellecer	O	er	5	1	encabellecer
encaecer	encaecer	O	er	4	1	encaecer
encallecer	encallecer	O	er	4	1	encallecer
encalvecer	encalvecer	O	er	4	1	encalvecer
encandecer	encandecer	O	er	4	1	encandecer
encanecer	encanecer	O	er	4	1	encanecer
encarecer	encarecer	O	er	4	1	encarecer
encarnecer	encarnecer	O	er	4	1	encarnecer
enceguecer	enceguecer	O	er	4	1	enceguecer
encender	encender	O	er	3	1	encender
encloquecer	encloquecer	O	er	4	1	encloquecer
encoger	encoger	O	er	3	1	encoger
encorecer	encorecer	O	er	4	1	encorecer
encrudecer	encrudecer	O	er	4	1	encrudecer
encrudelecer	encrudelecer	O	er	5	1	encrudelecer
encruelecer	encruelecer	O	er	4	1	encruelecer
endentecer	endentecer	O	er	4	1	endentecer
endulcecer	endulcecer	O	er	4	1	endulcecer
endurecer	endurecer	O	er	4	1	endurecer
enfervorecer	enfervorecer	O	er	5	1	enfervorecer
enfierecer	enfierecer	O	er	4	1	enfierecer
enflaquecer	enflaquecer	O	er	4	1	enflaquecer
enflorecer	enflorecer	O	er	4	1	enflorecer
enfortalecer	enfortalecer	O	er	5	1	enfortalecer
enfortecer	enfortecer	O	er	4	1	enfortecer
enfranquecer	enfranquecer	O	er	4	1	enfranquecer
enfurecer	enfurecer	O	er	4	1	enfurecer
engafecer	engafecer	O	er	4	1	engafecer
engordecer	engordecer	O	er	4	1	engordecer
engrandecer	engrandecer	O	er	4	1	engrandecer
engravecer	engravecer	O	er	4	1	engravecer
engrosecer	engrosecer	O	er	4	1	engrosecer
engrumecer	engrumecer	O	er	4	1	engrumecer
enhumedecer	enhumedecer	O	er	5	1	enhumedecer
enllentecer	enllentecer	O	er	4	1	enllentecer
enlobreguecer	enlobreguecer	O	er	5	1	enlobreguecer
enloquecer	enloquecer	O	er	4	1	enloquecer
enlustrecer	enlustrecer	O	er	4	1	enlustrecer
enmagrecer	enmagrecer	O	er	4	1	enmagrecer
enmalecer	enmalecer	O	er	4	1	enmalecer
enmalecer	enmalecer	O	er	4	1	enmalecer
enmarillecer	enmarillecer	O	er	5	1	enmarillecer
enmocecer	enmocecer	O	er	4	1	enmocecer
enmohecer	enmohecer	O	er	4	1	enmohecer
enmollecer	enmollecer	O	er	4	1	enmollecer
enmudecer	enmudecer	O	er	4	1	enmudecer
enmugrecer	enmugrecer	O	er	4	1	enmugrecer
ennegrecer	ennegrecer	O	er	4	1	ennegrecer
ennoblecer	ennoblecer	O	er	4	1	ennoblecer
ennudecer	ennudecer	O	er	4	1	ennudecer
enorgullecer	enorgullecer	O	er	5	1	enorgullecer
enralecer	enralecer	O	er	4	1	enralecer
enrarecer	enrarecer	O	er	4	1	enrarecer
enrigidecer	enrigidecer	O	er	5	1	enrigidecer
enriquecer	enriquecer	O	er	4	1	enriquecer
enrojecer	enrojecer	O	er	4	1	enrojecer
enronquecer	enronquecer	O	er	4	1	enronquecer
enrubescer	enrubescer	O	er	4	1	enrubescer
enrudecer	enrudecer	O	er	4	1	enrudecer
enruinecer	enruinecer	O	er	4	1	enruinecer
ensandecer	ensandecer	O	er	4	1	ensandecer
ensarnecer	ensarnecer	O	er	4	1	ensarnecer
ensilvecer	ensilvecer	O	er	4	1	ensilvecer
ensoberbecer	ensoberbecer	O	er	5	1	ensoberbecer
ensolver	ensolver	O	er	3	1	ensolver
ensombrecer	ensombrecer	O	er	4	1	ensombrecer
ensordecer	ensordecer	O	er	4	1	ensordecer
entallecer	entallecer	O	er	4	1	entallecer
entapecer	entapecer	O	er	4	1	entapecer
entender	entender	O	er	3	1	entender
entenebrecer	entenebrecer	O	er	5	1	entenebrecer
enternecer	enternecer	O	er	4	1	enternecer
entestecer	entestecer	O	er	4	1	entestecer
entibiecer	entibiecer	O	er	4	1	entibiecer
entigrecer	entigrecer	O	er	4	1	entigrecer
entomecer	entomecer	O	er	4	1	entomecer
entontecer	entontecer	O	er	4	1	entontecer
entorpecer	entorpecer	O	er	4	1	entorpecer
entrecoger	entrecoger	O	er	4	1	entrecoger
entremeter	entremeter	O	er	4	1	entremeter
entreparecer	entreparecer	O	er	5	1	entreparecer
entreponer	entreponer	O	er	4	1	entreponer
entretejer	entretejer	O	er	4	1	entretejer
entretener	entretener	O	er	4	1	entretener
entrever	entrever	O	er	3	1	entrever
entrevolver	entrevolver	O	er	4	1	entrevolver
entreyacer	entreyacer	O	er	4	1	entreyacer
entristecer	entristecer	O	er	4	1	entristecer
entrometer	entrometer	O	er	4	1	entrometer
entronecer	entronecer	O	er	4	1	entronecer
entullecer	entullecer	O	er	4	1	entullecer
entumecer	entumecer	O	er	4	1	entumecer
envaguecer	envaguecer	O	er	4	1	envaguecer
envanecer	envanecer	O	er	4	1	envanecer
envarescer	envarescer	O	er	4	1	envarescer
envejecer	envejecer	O	er	4	1	envejecer
enverdecer	enverdecer	O	er	4	1	enverdecer
envilecer	envilecer	O	er	4	1	envilecer
envolver	envolver	O	er	3	1	envolver
enzurdecer	enzurdecer	O	er	4	1	enzurdecer
equivaler	equivaler	O	er	4	1	equivaler
ercer	ercer	O	er	2	1	ercer
esblandecer	esblandecer	O	er	4	1	esblandecer
escaecer	escaecer	O	er	4	1	escaecer
escalecer	escalecer	O	er	4	1	escalecer
escalfecer	escalfecer	O	er	4	1	escalfecer
escarnecer	escarnecer	O	er	4	1	escarnecer
esclarecer	esclarecer	O	er	4	1	esclarecer
escocer	escocer	O	er	3	1	escocer
escoger	escoger	O	er	3	1	escoger
escomer	escomer	O	er	3	1	escomer
esconder	esconder	O	er	3	1	esconder
escurecer	escurecer	O	er	4	1	escurecer
eser	eser	O	er	2	1	eser
esleer	esleer	O	er	3	1	esleer
esmorecer	esmorecer	O	er	4	1	esmorecer
esplender	esplender	O	er	3	1	esplender
establecer	establecer	O	er	4	1	establecer
estorcer	estorcer	O	er	3	1	estorcer
estremecer	estremecer	O	er	4	1	estremecer
evanecer	evanecer	O	er	4	1	evanecer
evanescer	evanescer	O	er	4	1	evanescer
exardecer	exardecer	O	er	4	1	exardecer
excandecer	excandecer	O	er	4	1	excandecer
exceder	exceder	O	er	3	1	exceder
expavecer	expavecer	O	er	4	1	expavecer
expeler	expeler	O	er	3	1	expeler
expender	expender	O	er	3	1	expender
exponer	exponer	O	er	3	1	exponer
extender	extender	O	er	3	1	extender
extraer	extraer	O	er	3	1	extraer
facer	facer	O	er	2	0	facer
fallecer	fallecer	O	er	3	0	fallecer
favorecer	favorecer	O	er	4	0	favorecer
fenecer	fenecer	O	er	3	0	fenecer
fer	fer	O	er	1	0	fer
florecer	florecer	O	er	3	0	florecer
florescer	florescer	O	er	3	0	florescer
fornecer	fornecer	O	er	3	0	fornecer
fortalecer	fortalecer	O	er	4	0	fortalecer
fosforecer	fosforecer	O	er	4	0	fosforecer
fosforescer	fosforescer	O	er	4	0	fosforescer
frañer	frañer	O	er	2	0	franer
frutecer	frutecer	O	er	3	0	frutecer
gradecer	gradecer	O	er	3	0	gradecer
guarecer	guarecer	O	er	3	0	guarecer
guarnecer	guarnecer	O	er	3	0	guarnecer
haber	haber	O	er	2	1	haber
hacer	hacer	O	er	2	1	hacer
heder	heder	O	er	2	1	heder
hender	hender	O	er	2	1	hender
her	her	O	er	1	1	her
herbecer	herbecer	O	er	3	1	herbecer
herbolecer	herbolecer	O	er	4	1	herbolecer
hermanecer	hermanecer	O	er	4	1	hermanecer
herver	herver	O	er	2	1	herver
hojecer	hojecer	O	er	3	1	hojecer
humedecer	humedecer	O	er	4	1	humedecer
impeler	impeler	O	er	3	1	impeler
impender	impender	O	er	3	1	impender
imponer	imponer	O	er	3	1	imponer
incaler	incaler	O	er	3	1	incaler
indisponer	indisponer	O	er	4	1	indisponer
intender	intender	O	er	3	1	intender
interceder	interceder	O	er	4	1	interceder
interponer	interponer	O	er	4	1	interponer
interprender	interprender	O	er	4	1	interprender
interromper	interromper	O	er	4	1	interromper
jacer	jacer	O	er	2	0	jacer
joder	joder	O	er	2	0	joder
joguer	joguer	O	er	2	0	joguer
juvenecer	juvenecer	O	er	4	0	juvenecer
lamber	lamber	O	er	2	0	lamber
lamer	lamer	O	er	2	0	lamer
languidecer	languidecer	O	er	4	0	languidecer
leer	leer	O	er	2	0	leer
lentecer	lentecer	O	er	3	0	lentecer
licuecer	licuecer	O	er	3	0	licuecer
licuefacer	licuefacer	O	er	4	0	licuefacer
lividecer	lividecer	O	er	4	0	lividecer
llover	llover	O	er	2	0	llover
lobreguecer	lobreguecer	O	er	4	0	lobreguecer
lozanecer	lozanecer	O	er	4	0	lozanecer
magrecer	magrecer	O	er	3	0	magrecer
malcomer	malcomer	O	er	3	0	malcomer
malcreer	malcreer	O	er	3	0	malcreer
malentender	malentender	O	er	4	0	malentender
malfacer	malfacer	O	er	3	0	malfacer
malmeter	malmeter	O	er	3	0	malmeter
malquerer	malquerer	O	er	3	0	malquerer
maltraer	maltraer	O	er	3	0	maltraer
malvender	malvender	O	er	3	0	malvender
mantener	mantener	O	er	3	0	mantener
manutener	manutener	O	er	4	0	manutener
mecer	mecer	O	er	2	0	mecer
mejer	mejer	O	er	2	0	mejer
merecer	merecer	O	er	3	0	merecer
meter	meter	O	er	2	0	meter
mohecer	mohecer	O	er	3	0	mohecer
moler	moler	O	er	2	0	moler
morder	morder	O	er	2	0	morder
mover	mover	O	er	2	0	mover
nacer	nacer	O	er	2	0	nacer
nascer	nascer	O	er	2	0	nascer
negrecer	negrecer	O	er	3	0	negrecer
noblecer	noblecer	O	er	3	0	noblecer
obedecer	obedecer	O	er	4	1	obedecer
obscurecer	obscurecer	O	er	4	1	obscurecer
obtener	obtener	O	er	3	1	obtener
ofender	ofender	O	er	3	1	ofender
ofrecer	ofrecer	O	er	3	1	ofrecer
oler	oler	O	er	2	1	oler
onecer	onecer	O	er	3	1	onecer
oponer	oponer	O	er	3	1	oponer
orgullecer	orgullecer	O	er	4	1	orgullecer
orinecer	orinecer	O	er	4	1	orinecer
oscurecer	oscurecer	O	er	4	1	oscurecer
pacer	pacer	O	er	2	0	pacer
padecer	padecer	O	er	3	0	padecer
palidecer	palidecer	O	er	4	0	palidecer
parecer	parecer	O	er	3	0	parecer
peer	peer	O	er	2	0	peer
pender	pender	O	er	2	0	pender
perder	perder	O	er	2	0	perder
perecer	perecer	O	er	3	0	perecer
permanecer	permanecer	O	er	4	0	permanecer
pertenecer	pertenecer	O	er	4	0	pertenecer
pimpollecer	pimpollecer	O	er	4	0	pimpollecer
placer	placer	O	er	2	0	placer
plastecer	plastecer	O	er	3	0	plastecer
poder	poder	O	er	2	0	poder
podrecer	podrecer	O	er	3	0	podrecer
poner	poner	O	er	2	0	poner
poseer	poseer	O	er	3	0	poseer
posponer	posponer	O	er	3	0	posponer
precaver	precaver	O	er	3	0	precaver
preceder	preceder	O	er	3	0	preceder
preconocer	preconocer	O	er	4	0	preconocer
predisponer	predisponer	O	er	4	0	predisponer
prender	prender	O	er	2	0	prender
preponer	preponer	O	er	3	0	preponer
presuponer	presuponer	O	er	4	0	presuponer
pretender	pretender	O	er	3	0	pretender
prevalecer	prevalecer	O	er	4	0	prevalecer
prevaler	prevaler	O	er	3	0	prevaler
prever	prever	O	er	2	0	prever
proceder	proceder	O	er	3	0	proceder
prometer	prometer	O	er	3	0	prometer
promover	promover	O	er	3	0	promover
propender	propender	O	er	3	0	propender
proponer	proponer	O	er	3	0	proponer
prosuponer	prosuponer	O	er	4	0	prosuponer
proteger	proteger	O	er	3	0	proteger
proveer	proveer	O	er	3	0	proveer
pubescer	pubescer	O	er	3	0	pubescer
querer	querer	O	er	2	0	querer
raer	raer	O	er	2	0	raer
rarefacer	rarefacer	O	er	4	0	rarefacer
reabsorber	reabsorber	O	er	4	0	reabsorber
reaparecer	reaparecer	O	er	5	0	reaparecer
reblandecer	reblandecer	O	er	4	0	reblandecer
recaer	recaer	O	er	3	0	recaer
recocer	recocer	O	er	3	0	recocer
recoger	recoger	O	er	3	0	recoger
recomer	recomer	O	er	3	0	recomer
recomponer	recomponer	O	er	4	0	recomponer
reconcomer	reconcomer	O	er	4	0	reconcomer
reconocer	reconocer	O	er	4	0	reconocer
reconvalecer	reconvalecer	O	er	5	0	reconvalecer
recorrer	recorrer	O	er	3	0	recorrer
recoser	recoser	O	er	3	0	recoser
recrecer	recrecer	O	er	3	0	recrecer
recrudecer	recrudecer	O	er	4	0	recrudecer
reemprender	reemprender	O	er	4	0	reemprender
refacer	refacer	O	er	3	0	refacer
reflorecer	reflorecer	O	er	4	0	reflorecer
regradecer	regradecer	O	er	4	0	regradecer
rehacer	rehacer	O	er	3	0	rehacer
rehumedecer	rehumedecer	O	er	4	0	rehumedecer
rejuvenecer	rejuvenecer	O	er	5	0	rejuvenecer
relamer	relamer	O	er	3	0	relamer
releer	releer	O	er	3	0	releer
relentecer	relentecer	O	er	4	0	relentecer
remanecer	remanecer	O	er	4	0	remanecer
remecer	remecer	O	er	3	0	remecer
remejer	remejer	O	er	3	0	remejer
remeter	remeter	O	er	3	0	remeter
remoler	remoler	O	er	3	0	remoler
remorder	remorder	O	er	3	0	remorder
remostecer	remostecer	O	er	4	0	remostecer
remover	remover	O	er	3	0	remover
renacer	renacer	O	er	3	0	renacer
render	render	O	er	2	0	render
repacer	repacer	O	er	3	0	repacer
repeler	repeler	O	er	3	0	repeler
reponer	reponer	O	er	3	0	reponer
reprehender	reprehender	O	er	4	0	reprehender
reprender	reprender	O	er	3	0	reprender
resaber	resaber	O	er	3	0	resaber
resolver	resolver	O	er	3	0	resolver
resorber	resorber	O	er	3	0	resorber
resplandecer	resplandecer	O	er	4	0	resplandecer
responder	responder	O	er	3	0	responder
restablecer	restablecer	O	er	4	0	restablecer
retallecer	retallecer	O	er	4	0	retallecer
retejer	retejer	O	er	3	0	retejer
retener	retener	O	er	3	0	retener
retorcer	retorcer	O	er	3	0	retorcer
retoñecer	retoñecer	O	er	4	0	retonecer
retraer	retraer	O	er	3	0	retraer
retroceder	retroceder	O	er	4	0	retroceder
retrotraer	retrotraer	O	er	4	0	retrotraer
retrovender	retrovender	O	er	4	0	retrovender
revejecer	revejecer	O	er	4	0	revejecer
reveler	reveler	O	er	3	0	reveler
revencer	revencer	O	er	3	0	revencer
revender	revender	O	er	3	0	revender
rever	rever	O	er	2	0	rever
reverdecer	reverdecer	O	er	4	0	reverdecer
reverter	reverter	O	er	3	0	reverter
revolver	revolver	O	er	3	0	revolver
robustecer	robustecer	O	er	4	0	robustecer
roer	roer	O	er	2	0	roer
romper	romper	O	er	2	0	romper
saber	saber	O	er	2	0	saber
satisfacer	satisfacer	O	er	4	0	satisfacer
ser	ser	O	er	1	0	ser
sobrebarrer	sobrebarrer	O	er	4	0	sobrebarrer
sobrebeber	sobrebeber	O	er	4	0	sobrebeber
sobrecoger	sobrecoger	O	er	4	0	sobrecoger
sobrecrecer	sobrecrecer	O	er	4	0	sobrecrecer
sobreentender	sobreentender	O	er	5	0	sobreentender
sobreexceder	sobreexceder	O	er	5	0	sobreexceder
sobrentender	sobrentender	O	er	4	0	sobrentender
sobreponer	sobreponer	O	er	4	0	sobreponer
sobreseer	sobreseer	O	er	4	0	sobreseer
sobreverter	sobreverter	O	er	4	0	sobreverter
sobrexceder	sobrexceder	O	er	4	0	sobrexceder
socorrer	socorrer	O	er	3	0	socorrer
soler	soler	O	er	2	0	soler
solver	solver	O	er	2	0	solver
someter	someter	O	er	3	0	someter
sorber	sorber	O	er	2	0	sorber
sorprender	sorprender	O	er	3	0	sorprender
sostener	sostener	O	er	3	0	sostener
subentender	subentender	O	er	4	0	subentender
substraer	substraer	O	er	3	0	substraer
subtender	subtender	O	er	3	0	subtender
subyacer	subyacer	O	er	3	0	subyacer
suceder	suceder	O	er	3	0	suceder
superentender	superentender	O	er	5	0	superentender
superponer	superponer	O	er	4	0	superponer
suponer	suponer	O	er	3	0	suponer
suspender	suspender	O	er	3	0	suspender
sustraer	sustraer	O	er	3	0	sustraer
tallecer	tallecer	O	er	3	0	tallecer
tardecer	tardecer	O	er	3	0	tardecer
tañer	tañer	O	er	2	0	taner
tejer	tejer	O	er	2	0	tejer
temer	temer	O	er	2	0	temer
tender	tender	O	er	2	0	tender
tener	tener	O	er	2	0	tener
terrecer	terrecer	O	er	3	0	terrecer
tollecer	tollecer	O	er	3	0	tollecer
toller	toller	O	er	2	0	toller
torcer	torcer	O	er	2	0	torcer
torpecer	torpecer	O	er	3	0	torpecer
toser	toser	O	er	2	0	toser
traer	traer	O	er	2	0	traer
transcender	transcender	O	er	3	0	transcender
transponer	transponer	O	er	3	0	transponer
trascender	trascender	O	er	3	0	trascender
trasparecer	trasparecer	O	er	4	0	trasparecer
trasponer	trasponer	O	er	3	0	trasponer
trasver	trasver	O	er	2	0	trasver
trasverter	trasverter	O	er	3	0	trasverter
tremer	tremer	O	er	2	0	tremer
tullecer	tullecer	O	er	3	0	tullecer
valer	valer	O	er	2	0	valer
veer	veer	O	er	2	0	veer
vejecer	vejecer	O	er	3	0	vejecer
vencer	vencer	O	er	2	0	vencer
vender	vender	O	er	2	0	vender
ver	ver	O	er	1	0	ver
verdecer	verdecer	O	er	3	0	verdecer
verter	verter	O	er	2	0	verter
volver	volver	O	er	2	0	volver
yacer	yacer	O	er	2	0	yacer
yuxtaponer	yuxtaponer	O	er	4	0	yuxtaponer
