abrótano	abrótano	O	otano	4	1	abrotano
abrótanos	abrótano	P	otanos	4	1	abrotanos
actinógrafo	actinógrafo	O	ografo	5	1	actinografo
actinógrafos	actinógrafo	P	ografos	5	1	actinografos
aerógrafo	aerógrafo	O	ografo	4	1	aerografo
aerógrafos	aerógrafo	P	ografos	4	1	aerografos
aeróstato	aeróstato	O	ostato	4	1	aerostato
aeróstatos	aeróstato	P	ostatos	4	1	aerostatos
ampelógrafo	ampelógrafo	O	ografo	5	1	ampelografo
ampelógrafos	ampelógrafo	P	ografos	5	1	ampelografos
anemógrafo	anemógrafo	O	ografo	5	1	anemografo
anemógrafos	anemógrafo	P	ografos	5	1	anemografos
anglómano	anglómano	O	omano	4	1	anglomano
anglómanos	anglómano	P	omanos	4	1	anglomanos
antropófago	antropófago	O	ofago	5	1	antropofago
antropófagos	antropófago	P	ofagos	5	1	antropofagos
antófago	antófago	O	ofago	4	1	antofago
antófagos	antófago	P	ofagos	4	1	antofagos
anómalo	anómalo	O	omalo	4	1	anomalo
anómalos	anómalo	P	omalos	4	1	anomalos
apógrafo	apógrafo	O	ografo	4	1	apografo
apógrafos	apógrafo	P	ografos	4	1	apografos
areópago	areópago	O	opago	5	1	areopago
areópagos	areópago	P	opagos	5	1	areopagos
astrógrafo	astrógrafo	O	ografo	4	1	astrografo
astrógrafos	astrógrafo	P	ografos	4	1	astrografos
autobiógrafo	autobiógrafo	O	ografo	5	1	autobiografo
autobiógrafos	autobiógrafo	P	ografos	5	1	autobiografos
autógrafo	autógrafo	O	ografo	4	1	autografo
autógrafos	autógrafo	P	ografos	4	1	autografos
bacteriófago	bacteriófago	O	ofago	5	0	bacteriofago
bacteriófagos	bacteriófago	P	ofagos	5	0	bacteriofagos
barógrafo	barógrafo	O	ografo	4	0	barografo
barógrafos	barógrafo	P	ografos	4	0	barografos
bibliógrafo	bibliógrafo	O	ografo	4	0	bibliografo
bibliógrafos	bibliógrafo	P	ografos	4	0	bibliografos
bibliómano	bibliómano	O	omano	4	0	bibliomano
bibliómanos	bibliómano	P	omanos	4	0	bibliomanos
bicóncavo	bicóncavo	O	oncabo	4	0	biconcavo
bicóncavos	bicóncavo	P	oncabos	4	0	biconcavos
biógrafo	biógrafo	O	ografo	3	0	biografo
biógrafos	biógrafo	P	ografos	3	0	biografos
brótano	brótano	O	otano	3	0	brotano
brótanos	brótano	P	otanos	3	0	brotanos
calcógrafo	calcógrafo	O	ografo	4	0	calcografo
calcógrafos	calcógrafo	P	ografos	4	0	calcografos
camarógrafo	camarógrafo	O	ografo	5	0	camarografo
camarógrafos	camarógrafo	P	ografos	5	0	camarografos
cardiógrafo	cardiógrafo	O	ografo	4	0	cardiografo
cardiógrafos	cardiógrafo	P	ografos	4	0	cardiografos
carpófago	carpófago	O	ofago	4	0	carpofago
carpófagos	carpófago	P	ofagos	4	0	carpofagos
cartógrafo	cartógrafo	O	ografo	4	0	cartografo
cartógrafos	cartógrafo	P	ografos	4	0	cartografos
cecógrafo	cecógrafo	O	ografo	4	0	cecografo
cecógrafos	cecógrafo	P	ografos	4	0	cecografos
cerógrafo	cerógrafo	O	ografo	4	0	cerografo
cerógrafos	cerógrafo	P	ografos	4	0	cerografos
cinematógrafo	cinematógrafo	O	ografo	6	0	cinematografo
cinematógrafos	cinematógrafo	P	ografos	6	0	cinematografos
claviórgano	claviórgano	O	organo	4	0	claviorgano
claviórganos	claviórgano	P	organos	4	0	claviorganos
cleptómano	cleptómano	O	omano	4	0	cleptomano
cleptómanos	cleptómano	P	omanos	4	0	cleptomanos
cocainómano	cocainómano	O	omano	5	0	cocainomano
cocainómanos	cocainómano	P	omanos	5	0	cocainomanos
comediógrafo	comediógrafo	O	ografo	5	0	comediografo
comediógrafos	comediógrafo	P	ografos	5	0	comediografos
coprófago	coprófago	O	ofago	4	0	coprofago
coprófagos	coprófago	P	ofagos	4	0	coprofagos
coreógrafo	coreógrafo	O	ografo	5	0	coreografo
coreógrafos	coreógrafo	P	ografos	5	0	coreografos
corógrafo	corógrafo	O	ografo	4	0	corografo
corógrafos	corógrafo	P	ografos	4	0	corografos
cosmógrafo	cosmógrafo	O	ografo	4	0	cosmografo
cosmógrafos	cosmógrafo	P	ografos	4	0	cosmografos
criptógamo	criptógamo	O	ogamo	4	0	criptogamo
criptógamos	criptógamo	P	ogamos	4	0	criptogamos
cromatógrafo	cromatógrafo	O	ografo	5	0	cromatografo
cromatógrafos	cromatógrafo	P	ografos	5	0	cromatografos
cromolitógrafo	cromolitógrafo	O	ografo	6	0	cromolitografo
cromolitógrafos	cromolitógrafo	P	ografos	6	0	cromolitografos
cronógrafo	cronógrafo	O	ografo	4	0	cronografo
cronógrafos	cronógrafo	P	ografos	4	0	cronografos
crótalo	crótalo	O	otalo	3	0	crotalo
crótalos	crótalo	P	otalos	3	0	crotalos
cóncavo	cóncavo	O	oncabo	3	0	concavo
cóncavos	cóncavo	P	oncabos	3	0	concavos
cópano	cópano	O	opano	3	0	copano
cópanos	cópano	P	opanos	3	0	copanos
dactilógrafo	dactilógrafo	O	ografo	5	0	dactilografo
dactilógrafos	dactilógrafo	P	ografos	5	0	dactilografos
demógrafo	demógrafo	O	ografo	4	0	demografo
demógrafos	demógrafo	P	ografos	4	0	demografos
dipsómano	dipsómano	O	omano	4	0	dipsomano
dipsómanos	dipsómano	P	omanos	4	0	dipsomanos
ectópago	ectópago	O	opago	4	1	ectopago
ectópagos	ectópago	P	opagos	4	1	ectopagos
ecógrafo	ecógrafo	O	ografo	4	1	ecografo
ecógrafos	ecógrafo	P	ografos	4	1	ecografos
electrocardiógrafo	electrocardiógrafo	O	ografo	7	1	electrocardiografo
electrocardiógrafos	electrocardiógrafo	P	ografos	7	1	electrocardiografos
electroencefalógrafo	electroencefalógrafo	O	ografo	9	1	electroencefalografo
electroencefalógrafos	electroencefalógrafo	P	ografos	9	1	electroencefalografos
elipsógrafo	elipsógrafo	O	ografo	5	1	elipsografo
elipsógrafos	elipsógrafo	P	ografos	5	1	elipsografos
epistológrafo	epistológrafo	O	ografo	6	1	epistolografo
epistológrafos	epistológrafo	P	ografos	6	1	epistolografos
erotómano	erotómano	O	omano	5	1	erotomano
erotómanos	erotómano	P	omanos	5	1	erotomanos
escanógrafo	escanógrafo	O	ografo	5	1	escanografo
escanógrafos	escanógrafo	P	ografos	5	1	escanografos
escatófago	escatófago	O	ofago	5	1	escatofago
escatófagos	escatófago	P	ofagos	5	1	escatofagos
escenógrafo	escenógrafo	O	ografo	5	1	escenografo
escenógrafos	escenógrafo	P	ografos	5	1	escenografos
esfigmógrafo	esfigmógrafo	O	ografo	5	1	esfigmografo
esfigmógrafos	esfigmógrafo	P	ografos	5	1	esfigmografos
espectroheliógrafo	espectroheliógrafo	O	ografo	7	1	espectroheliografo
espectroheliógrafos	espectroheliógrafo	P	ografos	7	1	espectroheliografos
espectrógrafo	espectrógrafo	O	ografo	5	1	espectrografo
espectrógrafos	espectrógrafo	P	ografos	5	1	espectrografos
estenógrafo	estenógrafo	O	ografo	5	1	estenografo
estenógrafos	estenógrafo	P	ografos	5	1	estenografos
estereógrafo	estereógrafo	O	ografo	6	1	estereografo
estereógrafos	estereógrafo	P	ografos	6	1	estereografos
estilóbato	estilóbato	O	obato	5	1	estilobato
estilóbatos	estilóbato	P	obatos	5	1	estilobatos
estilógrafo	estilógrafo	O	ografo	5	1	estilografo
estilógrafos	estilógrafo	P	ografos	5	1	estilografos
estómago	estómago	O	omago	4	1	estomago
estómagos	estómago	P	omagos	4	1	estomagos
esófago	esófago	O	ofago	4	1	esofago
esófagos	esófago	P	ofagos	4	1	esofagos
etnógrafo	etnógrafo	O	ografo	4	1	etnografo
etnógrafos	etnógrafo	P	ografos	4	1	etnografos
fanerógamo	fanerógamo	O	ogamo	5	0	fanerogamo
fanerógamos	fanerógamo	P	ogamos	5	0	fanerogamos
filófago	filófago	O	ofago	4	0	filofago
filófagos	filófago	P	ofagos	4	0	filofagos
fitófago	fitófago	O	ofago	4	0	fitofago
fitófagos	fitófago	P	ofagos	4	0	fitofagos
fitógrafo	fitógrafo	O	ografo	4	0	fitografo
fitógrafos	fitógrafo	P	ografos	4	0	fitografos
fonógrafo	fonógrafo	O	ografo	4	0	fonografo
fonógrafos	fonógrafo	P	ografos	4	0	fonografos
fotolitógrafo	fotolitógrafo	O	ografo	6	0	fotolitografo
fotolitógrafos	fotolitógrafo	P	ografos	6	0	fotolitografos
fotógrafo	fotógrafo	O	ografo	4	0	fotografo
fotógrafos	fotógrafo	P	ografos	4	0	fotografos
galactófago	galactófago	O	ofago	5	0	galactofago
galactófagos	galactófago	P	ofagos	5	0	galactofagos
geófago	geófago	O	ofago	4	0	geofago
geófagos	geófago	P	ofagos	4	0	geofagos
geógrafo	geógrafo	O	ografo	4	0	geografo
geógrafos	geógrafo	P	ografos	4	0	geografos
giróstato	giróstato	O	ostato	4	0	girostato
giróstatos	giróstato	P	ostatos	4	0	girostatos
giróvago	giróvago	O	obago	4	0	girovago
giróvagos	giróvago	P	obagos	4	0	girovagos
grafómano	grafómano	O	omano	4	0	grafomano
grafómanos	grafómano	P	omanos	4	0	grafomanos
hagiógrafo	hagiógrafo	O	ografo	4	1	hagiografo
hagiógrafos	hagiógrafo	P	ografos	4	1	hagiografos
hectógrafo	hectógrafo	O	ografo	4	1	hectografo
hectógrafos	hectógrafo	P	ografos	4	1	hectografos
heliógrafo	heliógrafo	O	ografo	4	1	heliografo
heliógrafos	heliógrafo	P	ografos	4	1	heliografos
helióstato	helióstato	O	ostato	4	1	heliostato
helióstatos	helióstato	P	ostatos	4	1	heliostatos
hematófago	hematófago	O	ofago	5	1	hematofago
hematófagos	hematófago	P	ofagos	5	1	hematofagos
heroinómano	heroinómano	O	omano	5	1	heroinomano
heroinómanos	heroinómano	P	omanos	5	1	heroinomanos
hidrógrafo	hidrógrafo	O	ografo	4	0	hidrografo
hidrógrafos	hidrógrafo	P	ografos	4	0	hidrografos
hipopótamo	hipopótamo	O	otamo	5	0	hipopotamo
hipopótamos	hipopótamo	P	otamos	5	0	hipopotamos
historiógrafo	historiógrafo	O	ografo	5	0	historiografo
historiógrafos	historiógrafo	P	ografos	5	0	historiografos
hológrafo	hológrafo	O	ografo	4	1	holografo
hológrafos	hológrafo	P	ografos	4	1	holografos
homógrafo	homógrafo	O	ografo	4	1	homografo
homógrafos	homógrafo	P	ografos	4	1	homografos
iconómaco	iconómaco	O	omaco	5	1	iconomaco
iconómacos	iconómaco	P	omacos	5	1	iconomacos
ictiófago	ictiófago	O	ofago	4	1	ictiofago
ictiófagos	ictiófago	P	ofagos	4	1	ictiofagos
isóbaro	isóbaro	O	obaro	4	1	isobaro
isóbaros	isóbaro	P	obaros	4	1	isobaros
isófago	isófago	O	ofago	4	1	isofago
isófagos	isófago	P	ofagos	4	1	isofagos
lexicógrafo	lexicógrafo	O	ografo	5	0	lexicografo
lexicógrafos	lexicógrafo	P	ografos	5	0	lexicografos
litófago	litófago	O	ofago	4	0	litofago
litófagos	litófago	P	ofagos	4	0	litofagos
litógrafo	litógrafo	O	ografo	4	0	litografo
litógrafos	litógrafo	P	ografos	4	0	litografos
lotófago	lotófago	O	ofago	4	0	lotofago
lotófagos	lotófago	P	ofagos	4	0	lotofagos
mareógrafo	mareógrafo	O	ografo	5	0	mareografo
mareógrafos	mareógrafo	P	ografos	5	0	mareografos
mecanógrafo	mecanógrafo	O	ografo	5	0	mecanografo
mecanógrafos	mecanógrafo	P	ografos	5	0	mecanografos
megalómano	megalómano	O	omano	5	0	megalomano
megalómanos	megalómano	P	omanos	5	0	megalomanos
melómano	melómano	O	omano	4	0	melomano
melómanos	melómano	P	omanos	4	0	melomanos
memoriógrafo	memoriógrafo	O	ografo	5	0	memoriografo
memoriógrafos	memoriógrafo	P	ografos	5	0	memoriografos
micrógrafo	micrógrafo	O	ografo	4	0	micrografo
micrógrafos	micrógrafo	P	ografos	4	0	micrografos
mimeógrafo	mimeógrafo	O	ografo	5	0	mimeografo
mimeógrafos	mimeógrafo	P	ografos	5	0	mimeografos
mimógrafo	mimógrafo	O	ografo	4	0	mimografo
mimógrafos	mimógrafo	P	ografos	4	0	mimografos
mitógrafo	mitógrafo	O	ografo	4	0	mitografo
mitógrafos	mitógrafo	P	ografos	4	0	mitografos
mitómano	mitómano	O	omano	4	0	mitomano
mitómanos	mitómano	P	omanos	4	0	mitomanos
monógamo	monógamo	O	ogamo	4	0	monogamo
monógamos	monógamo	P	ogamos	4	0	monogamos
morfinómano	morfinómano	O	omano	5	0	morfinomano
morfinómanos	morfinómano	P	omanos	5	0	morfinomanos
museógrafo	museógrafo	O	ografo	5	0	museografo
museógrafos	museógrafo	P	ografos	5	0	museografos
musicógrafo	musicógrafo	O	ografo	5	0	musicografo
musicógrafos	musicógrafo	P	ografos	5	0	musicografos
musicómano	musicómano	O	omano	5	0	musicomano
musicómanos	musicómano	P	omanos	5	0	musicomanos
necrófago	necrófago	O	ofago	4	0	necrofago
necrófagos	necrófago	P	ofagos	4	0	necrofagos
oceanógrafo	oceanógrafo	O	ografo	6	1	oceanografo
oceanógrafos	oceanógrafo	P	ografos	6	1	oceanografos
ofiómaco	ofiómaco	O	omaco	4	1	ofiomaco
ofiómacos	ofiómaco	P	omacos	4	1	ofiomacos
ológrafo	ológrafo	O	ografo	4	1	olografo
ológrafos	ológrafo	P	ografos	4	1	olografos
omóplato	omóplato	O	oplato	4	1	omoplato
omóplatos	omóplato	P	oplatos	4	1	omoplatos
onocrótalo	onocrótalo	O	otalo	5	1	onocrotalo
onocrótalos	onocrótalo	P	otalos	5	1	onocrotalos
opiómano	opiómano	O	omano	4	1	opiomano
opiómanos	opiómano	P	omanos	4	1	opiomanos
opopónaco	opopónaco	O	onaco	5	1	opoponaco
opopónacos	opopónaco	P	onacos	5	1	opoponacos
ortógrafo	ortógrafo	O	ografo	4	1	ortografo
ortógrafos	ortógrafo	P	ografos	4	1	ortografos
oscilógrafo	oscilógrafo	O	ografo	5	1	oscilografo
oscilógrafos	oscilógrafo	P	ografos	5	1	oscilografos
ópalo	ópalo	O	opalo	3	1	opalo
ópalos	ópalo	P	opalos	3	1	opalos
órdago	órdago	O	ordago	3	1	ordago
órdagos	órdago	P	ordagos	3	1	ordagos
órgano	órgano	O	organo	3	1	organo
órganos	órgano	P	organos	3	1	organos
óvalo	óvalo	O	obalo	3	1	ovalo
óvalos	óvalo	P	obalos	3	1	ovalos
paleógrafo	paleógrafo	O	ografo	5	0	paleografo
paleógrafos	paleógrafo	P	ografos	5	0	paleografos
pantógrafo	pantógrafo	O	ografo	4	0	pantografo
pantógrafos	pantógrafo	P	ografos	4	0	pantografos
pirómano	pirómano	O	omano	4	0	piromano
pirómanos	pirómano	P	omanos	4	0	piromanos
piróscafo	piróscafo	O	oscafo	4	0	piroscafo
piróscafos	piróscafo	P	oscafos	4	0	piroscafos
pornógrafo	pornógrafo	O	ografo	4	0	pornografo
pornógrafos	pornógrafo	P	ografos	4	0	pornografos
quirófano	quirófano	O	ofano	4	0	quirofano
quirófanos	quirófano	P	ofanos	4	0	quirofanos
quirógrafo	quirógrafo	O	ografo	4	0	quirografo
quirógrafos	quirógrafo	P	ografos	4	0	quirografos
reprógrafo	reprógrafo	O	ografo	4	0	reprografo
reprógrafos	reprógrafo	P	ografos	4	0	reprografos
retrógrado	retrógrado	O	ogrado	4	0	retrogrado
retrógrados	retrógrado	P	ogrados	4	0	retrogrados
reóstato	reóstato	O	ostato	4	0	reostato
reóstatos	reóstato	P	ostatos	4	0	reostatos
rizófago	rizófago	O	ofago	4	0	rizofago
rizófagos	rizófago	P	ofagos	4	0	rizofagos
róbalo	róbalo	O	obalo	3	0	robalo
róbalos	róbalo	P	obalos	3	0	robalos
sarcófago	sarcófago	O	ofago	4	0	sarcofago
sarcófagos	sarcófago	P	ofagos	4	0	sarcofagos
selenógrafo	selenógrafo	O	ografo	5	0	selenografo
selenógrafos	selenógrafo	P	ografos	5	0	selenografos
semisótano	semisótano	O	otano	5	0	semisotano
semisótanos	semisótano	P	otanos	5	0	semisotanos
sifilógrafo	sifilógrafo	O	ografo	5	0	sifilografo
sifilógrafos	sifilógrafo	P	ografos	5	0	sifilografos
sismógrafo	sismógrafo	O	ografo	4	0	sismografo
sismógrafos	sismógrafo	P	ografos	4	0	sismografos
sótano	sótano	O	otano	3	0	sotano
sótanos	sótano	P	otanos	3	0	sotanos
tacógrafo	tacógrafo	O	ografo	4	0	tacografo
tacógrafos	tacógrafo	P	ografos	4	0	tacografos
taquimecanógrafo	taquimecanógrafo	O	ografo	7	0	taquimecanografo
taquimecanógrafos	taquimecanógrafo	P	ografos	7	0	taquimecanografos
taurómaco	taurómaco	O	omaco	4	0	tauromaco
taurómacos	taurómaco	P	omacos	4	0	tauromacos
telecinematógrafo	telecinematógrafo	O	ografo	8	0	telecinematografo
telecinematógrafos	telecinematógrafo	P	ografos	8	0	telecinematografos
termógrafo	termógrafo	O	ografo	4	0	termografo
termógrafos	termógrafo	P	ografos	4	0	termografos
termóstato	termóstato	O	ostato	4	0	termostato
termóstatos	termóstato	P	ostatos	4	0	termostatos
tipógrafo	tipógrafo	O	ografo	4	0	tipografo
tipógrafos	tipógrafo	P	ografos	4	0	tipografos
topógrafo	topógrafo	O	ografo	4	0	topografo
topógrafos	topógrafo	P	ografos	4	0	topografos
toxicómano	toxicómano	O	omano	5	0	toxicomano
toxicómanos	toxicómano	P	omanos	5	0	toxicomanos
tórsalo	tórsalo	O	orsalo	3	0	torsalo
tórsalos	tórsalo	P	orsalos	3	0	torsalos
uranógrafo	uranógrafo	O	ografo	5	1	uranografo
uranógrafos	uranógrafo	P	ografos	5	1	uranografos
xerógrafo	xerógrafo	O	ografo	4	0	xerografo
xerógrafos	xerógrafo	P	ografos	4	0	xerografos
xilófago	xilófago	O	ofago	4	0	xilofago
xilófagos	xilófago	P	ofagos	4	0	xilofagos
xilógrafo	xilógrafo	O	ografo	4	0	xilografo
xilógrafos	xilógrafo	P	ografos	4	0	xilografos
xilórgano	xilórgano	O	organo	4	0	xilorgano
xilórganos	xilórgano	P	organos	4	0	xilorganos
zoófago	zoófago	O	ofago	4	0	zoofago
zoófagos	zoófago	P	ofagos	4	0	zoofagos
zócalo	zócalo	O	ocalo	3	0	zocalo
zócalos	zócalo	P	ocalos	3	0	zocalos
